order_item_id,order_id,product_id,quantity,unit_price
1,O00001,P015,2,35.0
2,O00001,P018,3,89.0
3,O00001,P004,3,45.0
4,O00002,P015,1,35.0
5,O00002,P003,1,899.0
6,O00003,P014,2,60.0
7,O00003,P002,2,150.0
8,O00004,P015,1,35.0
9,O00005,P020,2,77.0
10,O00005,P009,2,77.0
11,O00006,P012,1,40.0
12,O00006,P015,1,35.0
13,O00007,P001,2,1200.0
14,O00007,P019,2,130.0
15,O00008,P018,1,89.0
16,O00008,P001,2,1200.0
17,O00008,P012,2,40.0
18,O00009,P011,1,154.0
19,O00009,P003,2,1258.6
20,O00009,P019,1,182.0
21,O00009,P006,3,133.0
22,O00010,P015,2,35.0
23,O00010,P001,3,1200.0
24,O00010,P008,3,75.0
25,O00011,P014,2,60.0
26,O00011,P013,2,90.0
27,O00012,P009,2,55.0
28,O00012,P005,2,120.0
29,O00012,P010,3,85.0
30,O00013,P005,2,120.0
31,O00014,P014,2,69.0
32,O00015,P011,3,110.0
33,O00015,P009,2,55.0
34,O00016,P020,2,77.0
35,O00016,P004,1,63.0
36,O00016,P008,2,105.0
37,O00017,P012,3,40.0
38,O00017,P009,3,55.0
39,O00017,P010,1,85.0
40,O00018,P012,3,56.0
41,O00019,P018,2,89.0
42,O00019,P004,1,45.0
43,O00020,P012,3,40.0
44,O00020,P017,2,65.0
45,O00020,P002,2,150.0
46,O00020,P010,3,85.0
47,O00021,P015,1,40.25
48,O00021,P001,3,1380.0
49,O00021,P007,1,207.0
50,O00021,P005,3,138.0
51,O00022,P009,3,63.25
52,O00023,P009,3,55.0
53,O00023,P016,3,120.0
54,O00024,P018,2,89.0
55,O00024,P020,2,55.0
56,O00024,P009,1,55.0
57,O00025,P004,3,45.0
58,O00026,P012,2,40.0
59,O00026,P017,1,65.0
60,O00026,P005,3,120.0
61,O00026,P008,1,75.0
62,O00027,P020,1,55.0
63,O00027,P019,1,130.0
64,O00027,P013,3,90.0
65,O00027,P005,1,120.0
66,O00028,P005,1,138.0
67,O00029,P018,3,124.6
68,O00029,P004,2,63.0
69,O00029,P005,1,168.0
70,O00029,P002,3,210.0
71,O00030,P012,3,40.0
72,O00030,P013,1,90.0
73,O00030,P006,3,95.0
74,O00031,P009,3,63.25
75,O00031,P014,2,69.0
76,O00031,P002,3,172.5
77,O00031,P008,2,86.25
78,O00032,P004,3,51.75
79,O00032,P006,2,109.25
80,O00033,P015,2,49.0
81,O00033,P006,1,133.0
82,O00034,P012,1,56.0
83,O00034,P003,2,1258.6
84,O00034,P020,3,77.0
85,O00034,P005,1,168.0
86,O00035,P015,2,40.25
87,O00035,P004,2,51.75
88,O00035,P002,3,172.5
89,O00036,P018,1,124.6
90,O00037,P018,2,124.6
91,O00037,P011,2,154.0
92,O00038,P008,2,75.0
93,O00038,P014,2,60.0
94,O00038,P007,1,180.0
95,O00038,P010,3,85.0
96,O00039,P019,3,149.5
97,O00039,P009,1,63.25
98,O00039,P008,3,86.25
99,O00040,P005,3,120.0
100,O00041,P012,1,40.0
101,O00041,P004,2,45.0
102,O00041,P006,3,95.0
103,O00042,P015,3,49.0
104,O00042,P011,2,154.0
105,O00042,P016,2,168.0
106,O00043,P015,3,35.0
107,O00043,P011,3,110.0
108,O00043,P004,1,45.0
109,O00044,P018,1,89.0
110,O00045,P009,3,63.25
111,O00046,P015,1,35.0
112,O00047,P014,2,84.0
113,O00047,P013,3,126.0
114,O00047,P008,2,105.0
115,O00048,P012,2,56.0
116,O00049,P013,2,90.0
117,O00049,P005,2,120.0
118,O00050,P008,2,75.0
119,O00051,P020,3,55.0
120,O00051,P004,1,45.0
121,O00052,P009,2,63.25
122,O00053,P004,2,51.75
123,O00053,P001,3,1380.0
124,O00053,P011,2,126.5
125,O00053,P002,3,172.5
126,O00054,P004,3,45.0
127,O00055,P015,3,35.0
128,O00055,P019,3,130.0
129,O00055,P005,3,120.0
130,O00055,P006,1,95.0
131,O00056,P003,3,899.0
132,O00056,P001,2,1200.0
133,O00056,P004,1,45.0
134,O00057,P012,2,46.0
135,O00058,P015,3,40.25
136,O00058,P017,3,74.75
137,O00058,P009,1,63.25
138,O00059,P018,2,124.6
139,O00059,P002,3,210.0
140,O00059,P010,3,119.0
141,O00060,P020,2,77.0
142,O00060,P014,2,84.0
143,O00060,P007,1,252.0
144,O00060,P016,2,168.0
145,O00061,P015,1,40.25
146,O00061,P013,2,103.5
147,O00061,P017,1,74.75
148,O00061,P002,2,172.5
149,O00062,P003,2,1258.6
150,O00062,P001,2,1680.0
151,O00062,P007,1,252.0
152,O00063,P006,2,95.0
153,O00064,P012,2,40.0
154,O00064,P004,1,45.0
155,O00065,P011,2,110.0
156,O00065,P002,2,150.0
157,O00065,P006,2,95.0
158,O00066,P015,2,35.0
159,O00066,P020,3,55.0
160,O00066,P016,3,120.0
161,O00066,P008,1,75.0
162,O00067,P003,1,1258.6
163,O00068,P018,2,124.6
164,O00068,P009,2,77.0
165,O00069,P013,3,90.0
166,O00069,P006,1,95.0
167,O00070,P009,3,55.0
168,O00070,P004,3,45.0
169,O00070,P007,3,180.0
170,O00071,P007,2,207.0
171,O00071,P006,2,109.25
172,O00072,P012,3,46.0
173,O00072,P013,3,103.5
174,O00073,P018,1,102.35
175,O00073,P017,2,74.75
176,O00073,P020,3,63.25
177,O00073,P004,2,51.75
178,O00074,P015,2,40.25
179,O00074,P014,1,69.0
180,O00074,P005,2,138.0
181,O00075,P012,2,40.0
182,O00075,P019,3,130.0
183,O00075,P018,1,89.0
184,O00075,P013,2,90.0
185,O00076,P003,1,899.0
186,O00077,P012,3,40.0
187,O00078,P005,3,120.0
188,O00079,P009,3,55.0
189,O00079,P010,3,85.0
190,O00080,P018,2,89.0
191,O00080,P015,2,35.0
192,O00080,P019,2,130.0
193,O00080,P002,2,150.0
194,O00081,P015,1,35.0
195,O00081,P010,2,85.0
196,O00081,P002,1,150.0
197,O00081,P008,3,75.0
198,O00082,P018,3,89.0
199,O00083,P012,2,40.0
200,O00083,P008,2,75.0
201,O00084,P004,2,63.0
202,O00084,P001,1,1680.0
203,O00084,P013,3,126.0
204,O00085,P003,2,899.0
205,O00085,P014,3,60.0
206,O00085,P004,3,45.0
207,O00086,P018,3,102.35
208,O00086,P013,1,103.5
209,O00086,P008,3,86.25
210,O00087,P015,2,40.25
211,O00088,P004,3,51.75
212,O00088,P007,1,207.0
213,O00089,P015,3,35.0
214,O00089,P020,1,55.0
215,O00089,P014,2,60.0
216,O00090,P018,3,89.0
217,O00090,P004,1,45.0
218,O00091,P011,1,110.0
219,O00092,P015,1,40.25
220,O00092,P011,1,126.5
221,O00092,P009,3,63.25
222,O00092,P010,1,97.75
223,O00093,P015,2,35.0
224,O00093,P004,3,45.0
225,O00093,P010,3,85.0
226,O00094,P005,3,120.0
227,O00095,P003,3,899.0
228,O00095,P020,1,55.0
229,O00096,P018,1,89.0
230,O00096,P002,1,150.0
231,O00097,P017,1,65.0
232,O00097,P013,1,90.0
233,O00098,P012,3,56.0
234,O00098,P004,2,63.0
235,O00098,P013,2,126.0
236,O00099,P018,2,89.0
237,O00099,P015,1,35.0
238,O00099,P016,3,120.0
239,O00100,P017,2,74.75
240,O00100,P002,3,172.5
241,O00100,P016,3,138.0
242,O00100,P008,2,86.25
243,O00101,P001,3,1380.0
244,O00101,P020,1,63.25
245,O00101,P007,3,207.0
246,O00101,P016,2,138.0
247,O00102,P017,2,74.75
248,O00103,P017,3,74.75
249,O00103,P011,3,126.5
250,O00103,P007,1,207.0
251,O00103,P006,3,109.25
252,O00104,P019,3,182.0
253,O00104,P002,2,210.0
254,O00104,P016,1,168.0
255,O00105,P001,2,1680.0
256,O00105,P010,1,119.0
257,O00106,P019,3,130.0
258,O00106,P004,2,45.0
259,O00106,P006,2,95.0
260,O00107,P015,1,40.25
261,O00107,P001,3,1380.0
262,O00107,P011,1,126.5
263,O00107,P014,3,69.0
264,O00108,P001,2,1680.0
265,O00109,P015,1,35.0
266,O00109,P011,1,110.0
267,O00109,P004,2,45.0
268,O00109,P002,2,150.0
269,O00110,P017,1,74.75
270,O00110,P009,3,63.25
271,O00111,P018,3,102.35
272,O00111,P002,3,172.5
273,O00111,P016,2,138.0
274,O00112,P002,3,172.5
275,O00112,P003,3,1033.85
276,O00112,P007,3,207.0
277,O00112,P006,3,109.25
278,O00113,P015,3,40.25
279,O00113,P018,2,102.35
280,O00113,P016,1,138.0
281,O00114,P015,1,49.0
282,O00114,P006,1,133.0
283,O00115,P012,1,40.0
284,O00115,P003,2,899.0
285,O00115,P011,2,110.0
286,O00115,P013,1,90.0
287,O00116,P015,1,35.0
288,O00116,P020,1,55.0
289,O00116,P016,3,120.0
290,O00116,P008,1,75.0
291,O00117,P019,2,130.0
292,O00117,P004,3,45.0
293,O00117,P020,2,55.0
294,O00118,P012,1,40.0
295,O00118,P014,2,60.0
296,O00118,P009,1,55.0
297,O00119,P002,2,150.0
298,O00120,P014,1,69.0
299,O00120,P013,1,103.5
300,O00120,P002,1,172.5
301,O00121,P004,2,63.0
302,O00122,P003,2,1258.6
303,O00122,P004,3,63.0
304,O00122,P016,1,168.0
305,O00123,P017,3,65.0
306,O00123,P002,3,150.0
307,O00123,P005,3,120.0
308,O00124,P012,2,46.0
309,O00124,P008,1,86.25
310,O00124,P011,2,126.5
311,O00124,P010,1,97.75
312,O00125,P004,3,51.75
313,O00126,P018,1,89.0
314,O00127,P010,2,85.0
315,O00128,P018,3,89.0
316,O00128,P019,3,130.0
317,O00129,P009,3,77.0
318,O00129,P007,2,252.0
319,O00130,P012,1,56.0
320,O00130,P004,2,63.0
321,O00131,P018,2,124.6
322,O00131,P007,1,252.0
323,O00131,P016,2,168.0
324,O00131,P002,1,210.0
325,O00132,P015,1,35.0
326,O00132,P020,1,55.0
327,O00132,P012,1,40.0
328,O00132,P016,2,120.0
329,O00133,P012,3,40.0
330,O00133,P014,1,60.0
331,O00134,P016,2,120.0
332,O00135,P020,1,55.0
333,O00135,P009,3,55.0
334,O00136,P002,1,172.5
335,O00137,P012,3,40.0
336,O00138,P012,1,56.0
337,O00138,P020,2,77.0
338,O00138,P002,2,210.0
339,O00138,P010,2,119.0
340,O00139,P004,3,63.0
341,O00139,P002,1,210.0
342,O00140,P004,2,45.0
343,O00141,P018,2,89.0
344,O00141,P017,3,65.0
345,O00141,P002,3,150.0
346,O00142,P004,2,45.0
347,O00143,P015,2,40.25
348,O00144,P015,2,35.0
349,O00145,P003,1,899.0
350,O00145,P002,1,150.0
351,O00146,P020,1,55.0
352,O00147,P018,2,89.0
353,O00147,P002,1,150.0
354,O00148,P015,2,40.25
355,O00148,P019,1,149.5
356,O00148,P009,2,63.25
357,O00148,P002,3,172.5
358,O00149,P019,2,130.0
359,O00149,P008,2,75.0
360,O00150,P001,1,1200.0
361,O00150,P013,3,90.0
362,O00151,P012,1,40.0
363,O00151,P006,2,95.0
364,O00151,P009,1,55.0
365,O00151,P002,3,150.0
366,O00152,P017,1,74.75
367,O00152,P014,2,69.0
368,O00153,P012,2,46.0
369,O00153,P011,2,126.5
370,O00153,P019,1,149.5
371,O00154,P017,2,65.0
372,O00154,P001,1,1200.0
373,O00154,P013,2,90.0
374,O00155,P020,1,55.0
375,O00155,P016,1,120.0
376,O00156,P012,1,56.0
377,O00156,P017,3,91.0
378,O00156,P015,2,49.0
379,O00157,P015,1,40.25
380,O00157,P017,3,74.75
381,O00157,P019,3,149.5
382,O00158,P012,3,46.0
383,O00158,P001,1,1380.0
384,O00158,P004,1,51.75
385,O00158,P002,3,172.5
386,O00159,P020,3,63.25
387,O00159,P013,2,103.5
388,O00159,P007,3,207.0
389,O00159,P008,2,86.25
390,O00160,P015,3,35.0
391,O00160,P012,2,40.0
392,O00161,P015,2,35.0
393,O00161,P009,1,55.0
394,O00162,P020,3,77.0
395,O00163,P004,2,63.0
396,O00164,P003,2,1258.6
397,O00164,P014,1,84.0
398,O00165,P005,2,168.0
399,O00166,P017,3,65.0
400,O00167,P015,1,40.25
401,O00167,P001,3,1380.0
402,O00167,P004,1,51.75
403,O00167,P008,1,86.25
404,O00168,P015,2,40.25
405,O00168,P020,2,63.25
406,O00168,P018,3,102.35
407,O00168,P011,2,126.5
408,O00169,P012,2,46.0
409,O00169,P017,1,74.75
410,O00169,P004,1,51.75
411,O00169,P016,2,138.0
412,O00170,P012,1,46.0
413,O00171,P015,2,35.0
414,O00171,P013,1,90.0
415,O00171,P014,1,60.0
416,O00171,P009,1,55.0
417,O00172,P020,3,55.0
418,O00172,P009,3,55.0
419,O00173,P014,2,60.0
420,O00173,P002,3,150.0
421,O00173,P006,3,95.0
422,O00174,P006,3,95.0
423,O00175,P001,1,1200.0
424,O00175,P004,2,45.0
425,O00175,P006,1,95.0
426,O00176,P014,2,60.0
427,O00177,P018,2,124.6
428,O00177,P010,2,119.0
429,O00177,P008,2,105.0
430,O00178,P012,3,46.0
431,O00178,P018,2,102.35
432,O00179,P012,3,40.0
433,O00179,P009,1,55.0
434,O00179,P005,3,120.0
435,O00179,P006,3,95.0
436,O00180,P003,1,899.0
437,O00180,P016,1,120.0
438,O00181,P003,3,1258.6
439,O00181,P009,2,77.0
440,O00182,P018,3,102.35
441,O00182,P005,1,138.0
442,O00183,P012,1,56.0
443,O00183,P018,3,124.6
444,O00184,P019,3,130.0
445,O00185,P018,2,102.35
446,O00186,P012,3,40.0
447,O00186,P009,3,55.0
448,O00186,P004,3,45.0
449,O00186,P010,3,85.0
450,O00187,P003,2,899.0
451,O00187,P020,2,55.0
452,O00188,P010,2,85.0
453,O00188,P019,3,130.0
454,O00188,P013,2,90.0
455,O00188,P002,3,150.0
456,O00189,P012,1,40.0
457,O00190,P015,3,35.0
458,O00190,P009,3,55.0
459,O00190,P016,1,120.0
460,O00191,P018,1,89.0
461,O00191,P004,1,45.0
462,O00192,P004,2,63.0
463,O00192,P002,3,210.0
464,O00192,P008,2,105.0
465,O00193,P005,2,168.0
466,O00194,P018,1,124.6
467,O00194,P013,2,126.0
468,O00194,P004,3,63.0
469,O00194,P008,3,105.0
470,O00195,P018,1,89.0
471,O00195,P001,1,1200.0
472,O00195,P002,3,150.0
473,O00196,P009,1,55.0
474,O00196,P005,3,120.0
475,O00197,P001,2,1200.0
476,O00197,P019,3,130.0
477,O00197,P014,2,60.0
478,O00197,P013,3,90.0
479,O00198,P018,2,124.6
480,O00198,P019,3,182.0
481,O00198,P004,3,63.0
482,O00198,P010,3,119.0
483,O00199,P001,3,1680.0
484,O00200,P018,2,124.6
485,O00200,P020,3,77.0
486,O00200,P014,3,84.0
487,O00200,P002,3,210.0
488,O00201,P003,1,1258.6
489,O00201,P016,3,168.0
490,O00202,P009,1,55.0
491,O00202,P005,3,120.0
492,O00203,P015,3,35.0
493,O00203,P019,3,130.0
494,O00203,P018,1,89.0
495,O00203,P011,2,110.0
496,O00204,P015,2,49.0
497,O00204,P008,2,105.0
498,O00205,P018,2,89.0
499,O00205,P005,1,120.0
500,O00205,P006,3,95.0
501,O00206,P010,1,85.0
502,O00207,P018,2,124.6
503,O00208,P018,2,89.0
504,O00208,P003,3,899.0
505,O00208,P004,1,45.0
506,O00208,P002,2,150.0
507,O00209,P010,1,97.75
508,O00210,P011,1,126.5
509,O00210,P016,1,138.0
510,O00211,P020,1,77.0
511,O00211,P014,3,84.0
512,O00211,P009,1,77.0
513,O00212,P015,3,35.0
514,O00213,P015,1,35.0
515,O00213,P008,1,75.0
516,O00214,P012,2,40.0
517,O00214,P010,3,85.0
518,O00215,P011,1,110.0
519,O00215,P015,2,35.0
520,O00215,P020,1,55.0
521,O00216,P015,3,40.25
522,O00216,P003,1,1033.85
523,O00217,P018,1,89.0
524,O00217,P012,3,40.0
525,O00217,P002,1,150.0
526,O00217,P005,3,120.0
527,O00218,P015,2,49.0
528,O00219,P006,3,109.25
529,O00220,P015,1,35.0
530,O00220,P014,3,60.0
531,O00220,P009,3,55.0
532,O00221,P006,1,95.0
533,O00222,P013,3,126.0
534,O00222,P016,1,168.0
535,O00223,P015,1,35.0
536,O00223,P019,3,130.0
537,O00223,P005,1,120.0
538,O00223,P011,1,110.0
539,O00224,P012,1,46.0
540,O00224,P003,2,1033.85
541,O00224,P002,3,172.5
542,O00224,P015,1,40.25
543,O00225,P017,1,65.0
544,O00226,P015,1,35.0
545,O00226,P017,1,65.0
546,O00226,P007,1,180.0
547,O00227,P018,2,89.0
548,O00227,P020,3,55.0
549,O00227,P009,1,55.0
550,O00227,P005,1,120.0
551,O00228,P020,1,55.0
552,O00229,P011,3,126.5
553,O00229,P019,2,149.5
554,O00229,P012,2,46.0
555,O00229,P010,3,97.75
556,O00230,P011,2,110.0
557,O00231,P002,3,210.0
558,O00232,P015,3,49.0
559,O00233,P020,2,55.0
560,O00233,P014,3,60.0
561,O00234,P009,3,55.0
562,O00235,P015,3,35.0
563,O00235,P018,3,89.0
564,O00235,P009,1,55.0
565,O00235,P008,1,75.0
566,O00236,P018,1,89.0
567,O00236,P011,2,110.0
568,O00236,P002,2,150.0
569,O00237,P012,2,40.0
570,O00237,P011,1,110.0
571,O00237,P002,2,150.0
572,O00237,P010,3,85.0
573,O00238,P009,1,55.0
574,O00239,P018,3,89.0
575,O00240,P012,2,56.0
576,O00240,P019,2,182.0
577,O00240,P014,2,84.0
578,O00241,P008,3,75.0
579,O00242,P015,1,35.0
580,O00242,P004,3,45.0
581,O00242,P002,3,150.0
582,O00243,P005,1,168.0
583,O00244,P019,2,130.0
584,O00245,P017,1,65.0
585,O00245,P004,3,45.0
586,O00245,P016,3,120.0
587,O00245,P008,3,75.0
588,O00246,P011,1,110.0
589,O00246,P013,3,90.0
590,O00246,P020,3,55.0
591,O00246,P010,1,85.0
592,O00247,P018,1,89.0
593,O00247,P011,3,110.0
594,O00247,P019,3,130.0
595,O00247,P012,1,40.0
596,O00248,P009,3,63.25
597,O00249,P011,3,110.0
598,O00249,P009,1,55.0
599,O00249,P020,2,55.0
600,O00250,P003,2,899.0
601,O00250,P020,3,55.0
602,O00250,P010,3,85.0
603,O00251,P018,3,124.6
604,O00251,P012,3,56.0
605,O00251,P007,3,252.0
606,O00252,P015,3,35.0
607,O00252,P012,3,40.0
608,O00252,P016,3,120.0
609,O00253,P018,1,102.35
610,O00253,P001,1,1380.0
611,O00253,P009,2,63.25
612,O00254,P014,1,60.0
613,O00255,P015,1,49.0
614,O00255,P020,1,77.0
615,O00256,P001,2,1200.0
616,O00256,P016,1,120.0
617,O00257,P015,1,49.0
618,O00257,P012,3,56.0
619,O00258,P019,2,182.0
620,O00259,P015,1,49.0
621,O00259,P020,3,77.0
622,O00259,P002,2,210.0
623,O00260,P020,1,55.0
624,O00260,P002,3,150.0
625,O00261,P008,2,75.0
626,O00262,P003,2,899.0
627,O00262,P013,2,90.0
628,O00262,P005,3,120.0
629,O00263,P004,2,45.0
630,O00264,P016,3,168.0
631,O00265,P012,3,56.0
632,O00265,P011,2,154.0
633,O00265,P008,3,105.0
634,O00266,P012,3,40.0
635,O00266,P018,2,89.0
636,O00266,P009,2,55.0
637,O00266,P008,2,75.0
638,O00267,P019,3,130.0
639,O00267,P013,1,90.0
640,O00268,P017,2,65.0
641,O00268,P009,3,55.0
642,O00268,P003,3,899.0
643,O00269,P019,2,182.0
644,O00270,P011,1,110.0
645,O00270,P014,1,60.0
646,O00270,P007,1,180.0
647,O00270,P006,3,95.0
648,O00271,P014,1,69.0
649,O00272,P018,3,102.35
650,O00272,P004,2,51.75
651,O00273,P015,1,35.0
652,O00273,P001,1,1200.0
653,O00274,P004,2,63.0
654,O00275,P014,3,60.0
655,O00276,P015,1,35.0
656,O00277,P006,3,133.0
657,O00278,P006,2,95.0
658,O00279,P017,3,65.0
659,O00279,P001,2,1200.0
660,O00279,P004,3,45.0
661,O00280,P019,3,130.0
662,O00280,P006,3,95.0
663,O00281,P012,3,40.0
664,O00282,P002,3,150.0
665,O00283,P012,3,40.0
666,O00283,P015,2,35.0
667,O00283,P020,1,55.0
668,O00283,P006,2,95.0
669,O00284,P004,2,45.0
670,O00285,P004,3,63.0
671,O00286,P013,3,90.0
672,O00286,P007,3,180.0
673,O00286,P010,2,85.0
674,O00287,P015,3,35.0
675,O00287,P017,2,65.0
676,O00287,P004,2,45.0
677,O00287,P007,2,180.0
678,O00288,P018,2,89.0
679,O00288,P008,2,75.0
680,O00288,P010,3,85.0
681,O00289,P014,2,60.0
682,O00289,P002,1,150.0
683,O00290,P019,1,130.0
684,O00290,P005,3,120.0
685,O00291,P018,3,124.6
686,O00292,P005,3,120.0
687,O00292,P001,2,1200.0
688,O00292,P004,3,45.0
689,O00292,P016,1,120.0
690,O00293,P015,2,35.0
691,O00293,P004,3,45.0
692,O00293,P016,3,120.0
693,O00293,P006,1,95.0
694,O00294,P018,3,89.0
695,O00294,P011,3,110.0
696,O00294,P014,1,60.0
697,O00295,P004,3,45.0
698,O00295,P010,3,85.0
699,O00296,P005,2,120.0
700,O00296,P001,2,1200.0
701,O00296,P020,1,55.0
702,O00296,P016,1,120.0
703,O00297,P018,1,89.0
704,O00297,P019,3,130.0
705,O00297,P009,2,55.0
706,O00298,P018,1,89.0
707,O00298,P012,2,40.0
708,O00298,P005,3,120.0
709,O00299,P019,2,149.5
710,O00299,P013,2,103.5
711,O00299,P002,1,172.5
712,O00300,P018,3,124.6
713,O00300,P011,1,154.0
714,O00300,P008,3,105.0
715,O00301,P015,1,35.0
716,O00301,P017,3,65.0
717,O00301,P011,1,110.0
718,O00302,P005,1,168.0
719,O00303,P012,3,56.0
720,O00303,P003,1,1258.6
721,O00304,P004,2,63.0
722,O00304,P005,3,168.0
723,O00305,P018,3,89.0
724,O00306,P004,3,45.0
725,O00307,P018,1,89.0
726,O00307,P013,3,90.0
727,O00307,P017,3,65.0
728,O00307,P004,3,45.0
729,O00308,P015,2,35.0
730,O00308,P008,3,75.0
731,O00309,P004,2,51.75
732,O00310,P001,3,1680.0
733,O00311,P011,1,126.5
734,O00311,P013,3,103.5
735,O00312,P002,3,150.0
736,O00313,P012,2,56.0
737,O00313,P004,2,63.0
738,O00313,P002,2,210.0
739,O00313,P008,3,105.0
740,O00314,P018,2,89.0
741,O00314,P011,3,110.0
742,O00314,P005,3,120.0
743,O00315,P015,1,40.25
744,O00315,P014,2,69.0
745,O00315,P007,3,207.0
746,O00315,P008,3,86.25
747,O00316,P018,2,124.6
748,O00316,P009,3,77.0
749,O00316,P008,2,105.0
750,O00317,P012,2,56.0
751,O00317,P004,2,63.0
752,O00318,P003,3,1258.6
753,O00318,P009,1,77.0
754,O00318,P016,3,168.0
755,O00319,P015,1,35.0
756,O00319,P017,1,65.0
757,O00319,P013,2,90.0
758,O00320,P017,2,74.75
759,O00321,P013,3,103.5
760,O00321,P002,2,172.5
761,O00321,P005,2,138.0
762,O00321,P008,3,86.25
763,O00322,P015,1,40.25
764,O00322,P020,3,63.25
765,O00322,P013,2,103.5
766,O00323,P020,1,55.0
767,O00324,P012,3,40.0
768,O00324,P013,3,90.0
769,O00324,P009,1,55.0
770,O00324,P008,1,75.0
771,O00325,P015,2,40.25
772,O00325,P012,2,46.0
773,O00325,P013,1,103.5
774,O00326,P009,1,63.25
775,O00326,P010,2,97.75
776,O00327,P012,1,46.0
777,O00327,P011,3,126.5
778,O00327,P008,2,86.25
779,O00328,P015,1,35.0
780,O00328,P020,2,55.0
781,O00328,P012,2,40.0
782,O00329,P011,2,126.5
783,O00330,P015,2,40.25
784,O00330,P020,2,63.25
785,O00330,P014,2,69.0
786,O00330,P004,3,51.75
787,O00331,P015,2,35.0
788,O00332,P015,1,35.0
789,O00332,P017,3,65.0
790,O00332,P002,1,150.0
791,O00333,P019,3,182.0
792,O00333,P005,3,168.0
793,O00333,P008,1,105.0
794,O00334,P005,2,168.0
795,O00335,P016,3,138.0
796,O00336,P018,3,102.35
797,O00336,P019,2,149.5
798,O00336,P007,2,207.0
799,O00336,P008,1,86.25
800,O00337,P015,3,40.25
801,O00337,P003,2,1033.85
802,O00337,P009,2,63.25
803,O00338,P011,2,110.0
804,O00339,P015,1,35.0
805,O00339,P020,3,55.0
806,O00339,P010,1,85.0
807,O00340,P013,2,90.0
808,O00340,P005,1,120.0
809,O00340,P010,2,85.0
810,O00341,P009,2,55.0
811,O00341,P016,2,120.0
812,O00342,P012,1,40.0
813,O00342,P003,3,899.0
814,O00342,P004,2,45.0
815,O00343,P012,2,40.0
816,O00343,P003,2,899.0
817,O00343,P019,2,130.0
818,O00343,P014,2,60.0
819,O00344,P009,3,55.0
820,O00345,P004,2,51.75
821,O00346,P010,2,97.75
822,O00347,P012,2,46.0
823,O00347,P017,1,74.75
824,O00347,P008,2,86.25
825,O00348,P018,3,89.0
826,O00348,P020,3,55.0
827,O00348,P004,3,45.0
828,O00349,P020,2,55.0
829,O00349,P006,3,95.0
830,O00350,P003,2,1033.85
831,O00350,P017,2,74.75
832,O00350,P014,3,69.0
833,O00350,P004,3,51.75
834,O00351,P018,2,89.0
835,O00351,P004,3,45.0
836,O00351,P002,2,150.0
837,O00352,P018,3,102.35
838,O00352,P008,3,86.25
839,O00352,P005,2,138.0
840,O00352,P010,2,97.75
841,O00353,P018,1,124.6
842,O00353,P003,3,1258.6
843,O00354,P018,1,89.0
844,O00354,P003,2,899.0
845,O00354,P012,3,40.0
846,O00354,P002,1,150.0
847,O00355,P012,1,40.0
848,O00355,P003,1,899.0
849,O00355,P010,1,85.0
850,O00356,P018,2,102.35
851,O00356,P010,3,97.75
852,O00357,P015,1,49.0
853,O00357,P020,3,77.0
854,O00358,P012,3,40.0
855,O00358,P014,3,60.0
856,O00359,P011,2,154.0
857,O00359,P004,2,63.0
858,O00359,P002,2,210.0
859,O00360,P012,2,40.0
860,O00360,P015,1,35.0
861,O00360,P011,2,110.0
862,O00360,P016,2,120.0
863,O00361,P012,1,40.0
864,O00361,P017,2,65.0
865,O00362,P004,2,63.0
866,O00362,P015,1,49.0
867,O00362,P009,2,77.0
868,O00363,P012,3,46.0
869,O00363,P017,3,74.75
870,O00363,P014,2,69.0
871,O00363,P013,2,103.5
872,O00364,P003,2,1033.85
873,O00365,P001,1,1200.0
874,O00365,P014,3,60.0
875,O00365,P004,1,45.0
876,O00365,P005,1,120.0
877,O00366,P017,2,65.0
878,O00366,P011,2,110.0
879,O00366,P009,3,55.0
880,O00366,P004,1,45.0
881,O00367,P018,1,102.35
882,O00368,P002,1,150.0
883,O00368,P016,2,120.0
884,O00368,P010,2,85.0
885,O00369,P020,3,55.0
886,O00370,P015,2,40.25
887,O00370,P001,3,1380.0
888,O00370,P016,1,138.0
889,O00370,P010,3,97.75
890,O00371,P014,3,60.0
891,O00371,P002,3,150.0
892,O00372,P008,1,75.0
893,O00372,P011,3,110.0
894,O00372,P006,1,95.0
895,O00373,P020,3,55.0
896,O00374,P002,1,150.0
897,O00374,P008,2,75.0
898,O00375,P019,1,149.5
899,O00375,P014,2,69.0
900,O00375,P020,3,63.25
901,O00376,P003,1,899.0
902,O00377,P017,3,91.0
903,O00377,P004,2,63.0
904,O00377,P010,2,119.0
905,O00378,P011,2,110.0
906,O00378,P019,3,130.0
907,O00378,P010,3,85.0
908,O00379,P012,2,46.0
909,O00380,P008,3,86.25
910,O00380,P001,3,1380.0
911,O00380,P005,2,138.0
912,O00380,P006,3,109.25
913,O00381,P013,2,90.0
914,O00382,P007,3,180.0
915,O00382,P002,2,150.0
916,O00383,P009,2,77.0
917,O00383,P004,1,63.0
918,O00383,P016,1,168.0
919,O00383,P006,3,133.0
920,O00384,P012,3,40.0
921,O00384,P015,3,35.0
922,O00384,P005,1,120.0
923,O00384,P008,1,75.0
924,O00385,P018,2,89.0
925,O00385,P019,3,130.0
926,O00385,P014,3,60.0
927,O00385,P010,2,85.0
928,O00386,P017,2,65.0
929,O00387,P015,2,35.0
930,O00388,P020,3,63.25
931,O00388,P002,1,172.5
932,O00389,P012,1,46.0
933,O00389,P014,3,69.0
934,O00389,P004,3,51.75
935,O00389,P005,3,138.0
936,O00390,P016,3,138.0
937,O00391,P015,3,35.0
938,O00391,P003,2,899.0
939,O00391,P017,3,65.0
940,O00391,P009,2,55.0
941,O00392,P012,2,46.0
942,O00392,P019,2,149.5
943,O00392,P020,3,63.25
944,O00393,P012,3,40.0
945,O00393,P004,3,45.0
946,O00393,P013,2,90.0
947,O00394,P012,2,40.0
948,O00394,P020,1,55.0
949,O00394,P013,2,90.0
950,O00395,P018,3,89.0
951,O00395,P001,2,1200.0
952,O00396,P003,1,899.0
953,O00396,P013,2,90.0
954,O00396,P008,2,75.0
955,O00397,P012,2,46.0
956,O00397,P004,1,51.75
957,O00397,P007,2,207.0
958,O00397,P002,3,172.5
959,O00398,P013,2,103.5
960,O00399,P002,2,172.5
961,O00399,P016,2,138.0
962,O00399,P008,1,86.25
963,O00400,P006,1,133.0
964,O00401,P015,2,49.0
965,O00401,P002,2,210.0
966,O00402,P004,2,45.0
967,O00403,P012,2,46.0
968,O00404,P003,3,899.0
969,O00404,P011,1,110.0
970,O00404,P016,2,120.0
971,O00405,P005,2,138.0
972,O00406,P014,2,60.0
973,O00406,P004,1,45.0
974,O00406,P008,2,75.0
975,O00407,P019,1,130.0
976,O00408,P015,3,35.0
977,O00408,P004,1,45.0
978,O00408,P002,1,150.0
979,O00409,P001,3,1200.0
980,O00409,P004,1,45.0
981,O00409,P010,1,85.0
982,O00410,P012,3,56.0
983,O00410,P020,3,77.0
984,O00410,P014,3,84.0
985,O00411,P015,2,40.25
986,O00411,P004,3,51.75
987,O00411,P005,1,138.0
988,O00412,P019,1,130.0
989,O00412,P014,1,60.0
990,O00412,P008,2,75.0
991,O00413,P012,3,40.0
992,O00413,P020,1,55.0
993,O00414,P018,2,89.0
994,O00414,P012,3,40.0
995,O00414,P004,3,45.0
996,O00414,P011,1,110.0
997,O00415,P020,3,55.0
998,O00415,P014,2,60.0
999,O00415,P005,1,120.0
1000,O00416,P012,2,46.0
1001,O00416,P017,1,74.75
1002,O00416,P001,1,1380.0
1003,O00416,P019,2,149.5
1004,O00417,P009,3,77.0
1005,O00417,P002,3,210.0
1006,O00418,P020,2,77.0
1007,O00418,P019,2,182.0
1008,O00418,P004,3,63.0
1009,O00418,P005,1,168.0
1010,O00419,P012,1,56.0
1011,O00419,P015,1,49.0
1012,O00420,P019,1,130.0
1013,O00420,P009,3,55.0
1014,O00421,P012,3,40.0
1015,O00421,P007,1,180.0
1016,O00422,P018,2,124.6
1017,O00422,P003,2,1258.6
1018,O00422,P001,2,1680.0
1019,O00423,P001,3,1200.0
1020,O00423,P020,2,55.0
1021,O00424,P004,1,51.75
1022,O00424,P013,2,103.5
1023,O00425,P018,1,102.35
1024,O00425,P003,2,1033.85
1025,O00425,P014,2,69.0
1026,O00425,P010,2,97.75
1027,O00426,P001,1,1200.0
1028,O00426,P004,2,45.0
1029,O00427,P013,2,103.5
1030,O00427,P019,3,149.5
1031,O00427,P009,2,63.25
1032,O00427,P016,2,138.0
1033,O00428,P012,2,56.0
1034,O00429,P018,1,89.0
1035,O00430,P001,1,1200.0
1036,O00430,P020,1,55.0
1037,O00430,P009,2,55.0
1038,O00430,P016,2,120.0
1039,O00431,P004,2,63.0
1040,O00431,P016,3,168.0
1041,O00431,P006,1,133.0
1042,O00432,P015,1,35.0
1043,O00433,P009,1,55.0
1044,O00433,P007,1,180.0
1045,O00434,P015,1,35.0
1046,O00434,P003,3,899.0
1047,O00435,P015,3,40.25
1048,O00435,P002,3,172.5
1049,O00436,P012,3,40.0
1050,O00436,P004,1,45.0
1051,O00436,P002,1,150.0
1052,O00436,P008,1,75.0
1053,O00437,P009,2,55.0
1054,O00438,P019,1,182.0
1055,O00439,P001,1,1200.0
1056,O00439,P011,3,110.0
1057,O00440,P012,3,40.0
1058,O00440,P013,3,90.0
1059,O00440,P002,3,150.0
1060,O00440,P005,1,120.0
1061,O00441,P003,1,1258.6
1062,O00441,P014,1,84.0
1063,O00442,P015,2,35.0
1064,O00442,P020,1,55.0
1065,O00443,P017,2,65.0
1066,O00443,P019,3,130.0
1067,O00443,P007,1,180.0
1068,O00444,P015,3,35.0
1069,O00444,P003,1,899.0
1070,O00444,P012,3,40.0
1071,O00444,P006,1,95.0
1072,O00445,P003,3,1033.85
1073,O00446,P011,3,126.5
1074,O00447,P018,3,89.0
1075,O00447,P009,3,55.0
1076,O00447,P005,2,120.0
1077,O00448,P012,3,56.0
1078,O00448,P011,1,154.0
1079,O00448,P014,3,84.0
1080,O00448,P004,2,63.0
1081,O00449,P003,2,899.0
1082,O00450,P017,2,65.0
1083,O00450,P020,1,55.0
1084,O00451,P012,1,56.0
1085,O00451,P001,3,1680.0
1086,O00451,P014,2,84.0
1087,O00452,P007,3,252.0
1088,O00453,P003,2,1258.6
1089,O00453,P016,3,168.0
1090,O00453,P008,3,105.0
1091,O00454,P011,1,110.0
1092,O00454,P019,3,130.0
1093,O00454,P010,1,85.0
1094,O00455,P012,2,40.0
1095,O00455,P001,2,1200.0
1096,O00456,P001,2,1200.0
1097,O00456,P006,3,95.0
1098,O00457,P012,3,40.0
1099,O00457,P009,1,55.0
1100,O00458,P015,1,35.0
1101,O00458,P002,2,150.0
1102,O00458,P005,2,120.0
1103,O00459,P012,2,46.0
1104,O00459,P004,1,51.75
1105,O00460,P010,1,85.0
1106,O00461,P019,3,130.0
1107,O00461,P004,3,45.0
1108,O00462,P001,2,1200.0
1109,O00462,P004,3,45.0
1110,O00463,P008,1,75.0
1111,O00464,P001,1,1680.0
1112,O00464,P014,2,84.0
1113,O00464,P016,1,168.0
1114,O00465,P004,2,51.75
1115,O00466,P017,3,74.75
1116,O00466,P020,1,63.25
1117,O00466,P005,1,138.0
1118,O00467,P010,1,97.75
1119,O00467,P013,1,103.5
1120,O00467,P008,2,86.25
1121,O00468,P009,1,63.25
1122,O00469,P018,3,124.6
1123,O00469,P013,2,126.0
1124,O00469,P004,3,63.0
1125,O00470,P004,3,63.0
1126,O00470,P016,1,168.0
1127,O00470,P008,2,105.0
1128,O00471,P017,3,65.0
1129,O00471,P002,2,150.0
1130,O00472,P014,1,60.0
1131,O00472,P007,1,180.0
1132,O00472,P016,3,120.0
1133,O00472,P010,2,85.0
1134,O00473,P001,2,1680.0
1135,O00473,P010,2,119.0
1136,O00474,P008,3,105.0
1137,O00474,P006,1,133.0
1138,O00475,P012,2,40.0
1139,O00475,P013,2,90.0
1140,O00476,P015,2,49.0
1141,O00476,P009,3,77.0
1142,O00476,P004,2,63.0
1143,O00477,P014,3,84.0
1144,O00477,P004,3,63.0
1145,O00478,P002,2,150.0
1146,O00478,P003,1,899.0
1147,O00478,P013,2,90.0
1148,O00478,P007,2,180.0
1149,O00479,P015,3,35.0
1150,O00480,P011,1,126.5
1151,O00480,P014,3,69.0
1152,O00480,P002,3,172.5
1153,O00481,P014,2,69.0
1154,O00481,P010,2,97.75
1155,O00482,P015,3,40.25
1156,O00482,P012,2,46.0
1157,O00482,P004,2,51.75
1158,O00482,P007,3,207.0
1159,O00483,P013,3,90.0
1160,O00484,P001,3,1200.0
1161,O00485,P018,1,89.0
1162,O00486,P012,1,56.0
1163,O00486,P014,3,84.0
1164,O00486,P009,2,77.0
1165,O00486,P010,2,119.0
1166,O00487,P018,1,89.0
1167,O00487,P006,1,95.0
1168,O00488,P014,1,60.0
1169,O00489,P003,2,1258.6
1170,O00489,P017,3,91.0
1171,O00489,P020,3,77.0
1172,O00490,P004,2,45.0
1173,O00490,P001,3,1200.0
1174,O00490,P009,1,55.0
1175,O00491,P012,1,46.0
1176,O00491,P009,3,63.25
1177,O00491,P008,2,86.25
1178,O00492,P019,1,130.0
1179,O00492,P002,1,150.0
1180,O00492,P010,2,85.0
1181,O00493,P012,1,40.0
1182,O00493,P019,2,130.0
1183,O00493,P013,2,90.0
1184,O00494,P012,2,40.0
1185,O00494,P020,2,55.0
1186,O00494,P008,1,75.0
1187,O00495,P015,2,49.0
1188,O00495,P012,3,56.0
1189,O00495,P002,1,210.0
1190,O00496,P018,1,89.0
1191,O00496,P003,3,899.0
1192,O00496,P001,3,1200.0
1193,O00497,P005,1,120.0
1194,O00497,P004,3,45.0
1195,O00497,P016,1,120.0
1196,O00497,P008,2,75.0
1197,O00498,P017,2,65.0
1198,O00498,P013,2,90.0
1199,O00499,P015,1,35.0
1200,O00499,P014,1,60.0
1201,O00500,P017,1,65.0
1202,O00500,P002,1,150.0
1203,O00500,P005,2,120.0
1204,O00501,P015,2,35.0
1205,O00501,P012,3,40.0
1206,O00501,P016,3,120.0
1207,O00501,P006,2,95.0
1208,O00502,P018,2,89.0
1209,O00502,P003,2,899.0
1210,O00502,P001,3,1200.0
1211,O00503,P002,3,150.0
1212,O00504,P014,1,60.0
1213,O00504,P013,2,90.0
1214,O00504,P005,3,120.0
1215,O00504,P006,3,95.0
1216,O00505,P015,1,40.25
1217,O00505,P013,3,103.5
1218,O00505,P016,2,138.0
1219,O00506,P012,1,40.0
1220,O00506,P015,2,35.0
1221,O00506,P018,1,89.0
1222,O00507,P015,2,35.0
1223,O00508,P002,3,150.0
1224,O00509,P015,1,40.25
1225,O00510,P015,2,35.0
1226,O00510,P019,2,130.0
1227,O00511,P015,2,35.0
1228,O00511,P014,2,60.0
1229,O00511,P016,1,120.0
1230,O00512,P014,1,60.0
1231,O00512,P020,1,55.0
1232,O00512,P009,3,55.0
1233,O00512,P004,2,45.0
1234,O00513,P019,3,149.5
1235,O00514,P001,1,1680.0
1236,O00515,P001,3,1680.0
1237,O00515,P011,3,154.0
1238,O00515,P016,1,168.0
1239,O00516,P015,3,35.0
1240,O00516,P019,3,130.0
1241,O00516,P012,2,40.0
1242,O00516,P005,2,120.0
1243,O00517,P018,1,89.0
1244,O00517,P017,2,65.0
1245,O00517,P012,3,40.0
1246,O00517,P016,2,120.0
1247,O00518,P006,3,95.0
1248,O00518,P002,1,150.0
1249,O00518,P008,2,75.0
1250,O00519,P002,3,150.0
1251,O00519,P016,1,120.0
1252,O00519,P010,1,85.0
1253,O00520,P004,3,45.0
1254,O00521,P011,3,110.0
1255,O00521,P002,3,150.0
1256,O00522,P012,1,46.0
1257,O00522,P020,2,63.25
1258,O00522,P018,1,102.35
1259,O00522,P010,2,97.75
1260,O00523,P003,3,1033.85
1261,O00523,P017,3,74.75
1262,O00523,P014,1,69.0
1263,O00523,P010,3,97.75
1264,O00524,P001,1,1680.0
1265,O00524,P019,2,182.0
1266,O00525,P019,1,130.0
1267,O00525,P014,1,60.0
1268,O00525,P013,3,90.0
1269,O00525,P005,1,120.0
1270,O00526,P010,1,85.0
1271,O00527,P017,1,65.0
1272,O00528,P004,2,45.0
1273,O00528,P013,3,90.0
1274,O00528,P002,3,150.0
1275,O00529,P015,2,35.0
1276,O00529,P003,1,899.0
1277,O00529,P012,1,40.0
1278,O00530,P003,1,899.0
1279,O00530,P008,2,75.0
1280,O00531,P012,1,56.0
1281,O00531,P019,1,182.0
1282,O00531,P010,1,119.0
1283,O00532,P001,1,1680.0
1284,O00532,P011,1,154.0
1285,O00532,P016,3,168.0
1286,O00533,P017,3,91.0
1287,O00533,P009,1,77.0
1288,O00533,P016,1,168.0
1289,O00534,P013,3,90.0
1290,O00535,P014,2,60.0
1291,O00536,P018,2,89.0
1292,O00536,P020,3,55.0
1293,O00536,P011,3,110.0
1294,O00537,P003,2,1033.85
1295,O00537,P002,2,172.5
1296,O00538,P014,3,69.0
1297,O00538,P002,2,172.5
1298,O00539,P009,2,63.25
1299,O00539,P008,1,86.25
1300,O00540,P012,3,46.0
1301,O00540,P002,2,172.5
1302,O00540,P005,2,138.0
1303,O00540,P010,1,97.75
1304,O00541,P015,1,35.0
1305,O00541,P002,2,150.0
1306,O00542,P010,2,97.75
1307,O00543,P010,2,85.0
1308,O00543,P004,2,45.0
1309,O00543,P008,1,75.0
1310,O00544,P017,3,65.0
1311,O00544,P014,1,60.0
1312,O00544,P013,3,90.0
1313,O00545,P018,2,89.0
1314,O00545,P002,1,150.0
1315,O00546,P018,1,102.35
1316,O00546,P015,1,40.25
1317,O00546,P006,2,109.25
1318,O00547,P019,1,130.0
1319,O00547,P013,3,90.0
1320,O00548,P001,1,1680.0
1321,O00548,P020,2,77.0
1322,O00548,P016,3,168.0
1323,O00548,P010,2,119.0
1324,O00549,P010,1,85.0
1325,O00550,P015,2,35.0
1326,O00551,P005,1,120.0
1327,O00551,P008,1,75.0
1328,O00552,P020,2,77.0
1329,O00553,P015,3,40.25
1330,O00553,P020,2,63.25
1331,O00553,P002,1,172.5
1332,O00554,P004,3,51.75
1333,O00554,P013,3,103.5
1334,O00554,P008,1,86.25
1335,O00555,P003,3,1033.85
1336,O00555,P008,1,86.25
1337,O00556,P016,2,168.0
1338,O00557,P011,2,110.0
1339,O00557,P009,2,55.0
1340,O00557,P002,2,150.0
1341,O00558,P010,3,85.0
1342,O00559,P015,3,35.0
1343,O00559,P008,1,75.0
1344,O00559,P010,1,85.0
1345,O00560,P002,1,150.0
1346,O00561,P003,2,1033.85
1347,O00562,P018,3,102.35
1348,O00562,P011,3,126.5
1349,O00563,P015,2,40.25
1350,O00563,P019,2,149.5
1351,O00563,P009,2,63.25
1352,O00564,P006,1,95.0
1353,O00565,P018,2,124.6
1354,O00565,P012,2,56.0
1355,O00566,P017,3,91.0
1356,O00566,P011,3,154.0
1357,O00566,P014,3,84.0
1358,O00567,P017,2,65.0
1359,O00567,P004,2,45.0
1360,O00568,P010,1,119.0
1361,O00568,P008,3,105.0
1362,O00569,P015,3,40.25
1363,O00569,P004,1,51.75
1364,O00570,P012,2,40.0
1365,O00570,P001,2,1200.0
1366,O00570,P004,1,45.0
1367,O00571,P012,2,56.0
1368,O00571,P019,2,182.0
1369,O00571,P004,1,63.0
1370,O00571,P006,2,133.0
1371,O00572,P015,3,35.0
1372,O00572,P001,2,1200.0
1373,O00573,P019,3,149.5
1374,O00573,P020,1,63.25
1375,O00573,P016,3,138.0
1376,O00574,P012,2,56.0
1377,O00574,P003,3,1258.6
1378,O00574,P019,1,182.0
1379,O00574,P007,2,252.0
1380,O00575,P007,3,252.0
1381,O00576,P013,3,90.0
1382,O00576,P020,2,55.0
1383,O00576,P004,2,45.0
1384,O00576,P007,1,180.0
1385,O00577,P001,2,1200.0
1386,O00577,P009,2,55.0
1387,O00577,P008,3,75.0
1388,O00578,P015,2,40.25
1389,O00578,P010,2,97.75
1390,O00579,P017,2,74.75
1391,O00579,P020,3,63.25
1392,O00580,P018,1,89.0
1393,O00580,P013,1,90.0
1394,O00581,P012,3,40.0
1395,O00581,P020,2,55.0
1396,O00581,P019,1,130.0
1397,O00581,P008,1,75.0
1398,O00582,P012,1,46.0
1399,O00582,P015,1,40.25
1400,O00582,P009,1,63.25
1401,O00583,P012,3,56.0
1402,O00583,P018,2,124.6
1403,O00583,P002,2,210.0
1404,O00584,P020,3,63.25
1405,O00584,P005,2,138.0
1406,O00585,P001,2,1380.0
1407,O00585,P016,1,138.0
1408,O00586,P012,3,40.0
1409,O00586,P018,3,89.0
1410,O00587,P018,1,102.35
1411,O00588,P004,1,45.0
1412,O00588,P016,3,120.0
1413,O00589,P018,2,89.0
1414,O00589,P015,2,35.0
1415,O00590,P012,2,46.0
1416,O00591,P003,2,899.0
1417,O00592,P004,3,63.0
1418,O00592,P019,1,182.0
1419,O00592,P009,1,77.0
1420,O00593,P009,1,55.0
1421,O00594,P011,2,110.0
1422,O00594,P019,3,130.0
1423,O00595,P017,3,65.0
1424,O00595,P019,3,130.0
1425,O00596,P015,1,35.0
1426,O00596,P001,1,1200.0
1427,O00597,P015,1,35.0
1428,O00597,P007,1,180.0
1429,O00598,P015,2,35.0
1430,O00598,P002,1,150.0
1431,O00598,P016,1,120.0
1432,O00599,P017,3,74.75
1433,O00600,P010,2,85.0
1434,O00601,P002,3,150.0
1435,O00602,P018,3,89.0
1436,O00602,P016,1,120.0
1437,O00602,P008,3,75.0
1438,O00603,P002,3,172.5
1439,O00604,P015,1,40.25
1440,O00604,P020,3,63.25
1441,O00605,P019,3,149.5
1442,O00606,P015,1,40.25
1443,O00606,P004,1,51.75
1444,O00607,P012,2,40.0
1445,O00607,P009,1,55.0
1446,O00607,P016,2,120.0
1447,O00608,P011,2,154.0
1448,O00608,P008,3,105.0
1449,O00609,P015,3,35.0
1450,O00609,P001,1,1200.0
1451,O00609,P020,2,55.0
1452,O00609,P008,2,75.0
1453,O00610,P003,2,1258.6
1454,O00611,P015,1,35.0
1455,O00612,P020,2,55.0
1456,O00612,P013,1,90.0
1457,O00612,P008,1,75.0
1458,O00613,P015,3,35.0
1459,O00613,P013,2,90.0
1460,O00613,P006,2,95.0
1461,O00614,P012,1,40.0
1462,O00614,P003,2,899.0
1463,O00614,P020,2,55.0
1464,O00614,P010,2,85.0
1465,O00615,P015,1,40.25
1466,O00615,P001,2,1380.0
1467,O00616,P015,1,40.25
1468,O00616,P009,2,63.25
1469,O00617,P016,3,138.0
1470,O00618,P017,2,65.0
1471,O00618,P011,3,110.0
1472,O00618,P014,2,60.0
1473,O00618,P004,3,45.0
1474,O00619,P020,1,55.0
1475,O00620,P009,2,55.0
1476,O00621,P012,2,56.0
1477,O00621,P001,3,1680.0
1478,O00621,P018,1,124.6
1479,O00621,P010,2,119.0
1480,O00622,P015,2,35.0
1481,O00622,P013,2,90.0
1482,O00622,P016,1,120.0
1483,O00622,P008,1,75.0
1484,O00623,P003,2,1033.85
1485,O00624,P016,3,138.0
1486,O00625,P002,3,150.0
1487,O00625,P008,1,75.0
1488,O00626,P014,3,69.0
1489,O00626,P013,1,103.5
1490,O00627,P008,1,86.25
1491,O00628,P001,3,1380.0
1492,O00628,P014,2,69.0
1493,O00628,P009,2,63.25
1494,O00629,P020,3,63.25
1495,O00629,P009,1,63.25
1496,O00629,P013,2,103.5
1497,O00629,P008,1,86.25
1498,O00630,P017,1,74.75
1499,O00630,P011,3,126.5
1500,O00630,P014,2,69.0
1501,O00631,P020,3,55.0
1502,O00631,P014,1,60.0
1503,O00631,P004,2,45.0
1504,O00631,P002,2,150.0
1505,O00632,P004,3,45.0
1506,O00632,P020,1,55.0
1507,O00632,P009,3,55.0
1508,O00633,P013,2,90.0
1509,O00634,P002,3,150.0
1510,O00634,P017,2,65.0
1511,O00634,P009,2,55.0
1512,O00634,P008,3,75.0
1513,O00635,P014,2,60.0
1514,O00635,P009,3,55.0
1515,O00635,P004,3,45.0
1516,O00636,P017,2,74.75
1517,O00636,P014,2,69.0
1518,O00637,P003,1,1033.85
1519,O00637,P008,3,86.25
1520,O00638,P018,2,89.0
1521,O00638,P019,2,130.0
1522,O00638,P014,2,60.0
1523,O00638,P009,3,55.0
1524,O00639,P019,1,130.0
1525,O00639,P011,1,110.0
1526,O00639,P009,2,55.0
1527,O00639,P020,1,55.0
1528,O00640,P012,3,46.0
1529,O00640,P017,1,74.75
1530,O00640,P006,3,109.25
1531,O00641,P002,1,150.0
1532,O00642,P018,2,124.6
1533,O00642,P019,3,182.0
1534,O00642,P009,3,77.0
1535,O00643,P015,3,49.0
1536,O00643,P003,3,1258.6
1537,O00643,P020,1,77.0
1538,O00644,P013,2,126.0
1539,O00644,P011,2,154.0
1540,O00644,P002,3,210.0
1541,O00645,P020,1,77.0
1542,O00645,P004,1,63.0
1543,O00646,P013,2,103.5
1544,O00646,P005,3,138.0
1545,O00646,P010,2,97.75
1546,O00647,P018,1,89.0
1547,O00647,P020,2,55.0
1548,O00648,P017,3,74.75
1549,O00648,P001,1,1380.0
1550,O00648,P020,3,63.25
1551,O00649,P017,1,65.0
1552,O00649,P020,3,55.0
1553,O00649,P007,1,180.0
1554,O00649,P008,2,75.0
1555,O00650,P018,1,89.0
1556,O00650,P015,1,35.0
1557,O00650,P009,3,55.0
1558,O00650,P010,2,85.0
1559,O00651,P008,3,75.0
1560,O00652,P001,3,1380.0
1561,O00652,P002,1,172.5
1562,O00652,P010,3,97.75
1563,O00653,P001,2,1380.0
1564,O00653,P004,2,51.75
1565,O00654,P003,1,1033.85
1566,O00655,P018,2,89.0
1567,O00655,P015,2,35.0
1568,O00656,P015,2,35.0
1569,O00656,P005,2,120.0
1570,O00657,P009,1,77.0
1571,O00658,P018,3,124.6
1572,O00658,P020,3,77.0
1573,O00658,P004,3,63.0
1574,O00659,P020,1,77.0
1575,O00660,P013,3,90.0
1576,O00660,P002,2,150.0
1577,O00661,P020,1,55.0
1578,O00662,P001,3,1200.0
1579,O00663,P018,2,89.0
1580,O00663,P011,2,110.0
1581,O00663,P004,3,45.0
1582,O00664,P009,1,63.25
1583,O00665,P020,1,63.25
1584,O00665,P005,2,138.0
1585,O00665,P010,3,97.75
1586,O00666,P001,1,1200.0
1587,O00667,P002,1,172.5
1588,O00668,P008,3,75.0
1589,O00668,P019,3,130.0
1590,O00668,P010,3,85.0
1591,O00669,P005,3,120.0
1592,O00670,P015,3,35.0
1593,O00670,P003,1,899.0
1594,O00670,P020,3,55.0
1595,O00671,P011,2,154.0
1596,O00671,P004,1,63.0
1597,O00671,P008,1,105.0
1598,O00672,P003,2,1258.6
1599,O00672,P002,3,210.0
1600,O00673,P018,2,124.6
1601,O00673,P013,3,126.0
1602,O00673,P016,2,168.0
1603,O00673,P006,2,133.0
1604,O00674,P004,1,45.0
1605,O00675,P003,2,1033.85
1606,O00675,P004,1,51.75
1607,O00675,P010,2,97.75
1608,O00676,P015,2,40.25
1609,O00676,P003,1,1033.85
1610,O00676,P010,1,97.75
1611,O00677,P018,2,89.0
1612,O00677,P015,3,35.0
1613,O00678,P020,3,63.25
1614,O00678,P013,3,103.5
1615,O00679,P011,2,110.0
1616,O00679,P019,1,130.0
1617,O00679,P002,2,150.0
1618,O00679,P005,3,120.0
1619,O00680,P003,1,1258.6
1620,O00680,P019,1,182.0
1621,O00680,P007,2,252.0
1622,O00680,P008,3,105.0
1623,O00681,P015,3,35.0
1624,O00681,P020,1,55.0
1625,O00681,P007,1,180.0
1626,O00682,P007,3,207.0
1627,O00682,P002,2,172.5
1628,O00683,P009,1,55.0
1629,O00683,P016,1,120.0
1630,O00683,P005,1,120.0
1631,O00684,P003,2,899.0
1632,O00684,P014,2,60.0
1633,O00684,P016,3,120.0
1634,O00684,P006,2,95.0
1635,O00685,P012,2,40.0
1636,O00685,P011,2,110.0
1637,O00685,P018,3,89.0
1638,O00686,P012,3,46.0
1639,O00686,P015,3,40.25
1640,O00686,P020,3,63.25
1641,O00686,P002,1,172.5
1642,O00687,P006,2,95.0
1643,O00688,P015,1,35.0
1644,O00688,P020,3,55.0
1645,O00688,P006,2,95.0
1646,O00689,P015,2,35.0
1647,O00689,P017,2,65.0
1648,O00689,P009,3,55.0
1649,O00689,P010,1,85.0
1650,O00690,P003,3,899.0
1651,O00691,P018,1,89.0
1652,O00691,P017,1,65.0
1653,O00692,P015,2,40.25
1654,O00692,P007,3,207.0
1655,O00692,P016,2,138.0
1656,O00693,P015,3,35.0
1657,O00694,P001,1,1200.0
1658,O00695,P015,2,49.0
1659,O00695,P020,1,77.0
1660,O00696,P003,1,899.0
1661,O00696,P001,3,1200.0
1662,O00697,P004,3,45.0
1663,O00698,P014,3,60.0
1664,O00698,P010,1,85.0
1665,O00699,P003,1,899.0
1666,O00699,P009,1,55.0
1667,O00699,P016,1,120.0
1668,O00700,P018,3,124.6
1669,O00700,P004,2,63.0
1670,O00700,P013,1,126.0
1671,O00700,P010,2,119.0
1672,O00701,P014,3,84.0
1673,O00702,P015,2,40.25
1674,O00702,P011,1,126.5
1675,O00702,P013,3,103.5
1676,O00703,P009,2,55.0
1677,O00704,P015,3,40.25
1678,O00704,P013,3,103.5
1679,O00705,P018,2,89.0
1680,O00705,P015,2,35.0
1681,O00706,P018,3,124.6
1682,O00706,P017,1,91.0
1683,O00706,P013,3,126.0
1684,O00706,P006,2,133.0
1685,O00707,P013,1,90.0
1686,O00707,P004,2,45.0
1687,O00708,P012,2,40.0
1688,O00708,P020,2,55.0
1689,O00708,P005,2,120.0
1690,O00709,P018,1,89.0
1691,O00709,P019,1,130.0
1692,O00710,P012,2,46.0
1693,O00710,P003,2,1033.85
1694,O00710,P011,1,126.5
1695,O00710,P004,3,51.75
1696,O00711,P018,3,102.35
1697,O00712,P019,2,130.0
1698,O00713,P020,3,55.0
1699,O00714,P017,1,65.0
1700,O00715,P004,1,45.0
1701,O00716,P010,3,85.0
1702,O00716,P004,2,45.0
1703,O00716,P006,3,95.0
1704,O00717,P014,1,84.0
1705,O00717,P008,1,105.0
1706,O00718,P016,3,138.0
1707,O00718,P008,1,86.25
1708,O00719,P017,2,91.0
1709,O00719,P019,3,182.0
1710,O00719,P009,3,77.0
1711,O00719,P003,2,1258.6
1712,O00720,P003,1,899.0
1713,O00720,P001,2,1200.0
1714,O00720,P020,2,55.0
1715,O00720,P017,2,65.0
1716,O00721,P014,3,60.0
1717,O00721,P002,1,150.0
1718,O00721,P016,3,120.0
1719,O00722,P018,2,89.0
1720,O00722,P015,3,35.0
1721,O00722,P009,3,55.0
1722,O00723,P012,1,40.0
1723,O00723,P001,3,1200.0
1724,O00723,P006,2,95.0
1725,O00724,P019,3,182.0
1726,O00724,P014,3,84.0
1727,O00725,P012,2,56.0
1728,O00726,P012,2,40.0
1729,O00726,P004,3,45.0
1730,O00726,P007,1,180.0
1731,O00727,P015,3,40.25
1732,O00727,P010,3,97.75
1733,O00727,P020,3,63.25
1734,O00727,P006,3,109.25
1735,O00728,P006,3,109.25
1736,O00728,P008,3,86.25
1737,O00729,P012,2,40.0
1738,O00729,P013,2,90.0
1739,O00729,P007,1,180.0
1740,O00729,P005,1,120.0
1741,O00730,P011,2,110.0
1742,O00730,P019,1,130.0
1743,O00730,P002,2,150.0
1744,O00731,P012,2,40.0
1745,O00731,P009,3,55.0
1746,O00731,P013,2,90.0
1747,O00731,P005,2,120.0
1748,O00732,P015,1,35.0
1749,O00732,P017,3,65.0
1750,O00732,P003,3,899.0
1751,O00733,P015,2,35.0
1752,O00734,P015,3,40.25
1753,O00735,P013,2,103.5
1754,O00736,P008,2,86.25
1755,O00737,P003,2,1258.6
1756,O00737,P007,2,252.0
1757,O00738,P003,2,1258.6
1758,O00738,P001,2,1680.0
1759,O00738,P009,1,77.0
1760,O00738,P016,1,168.0
1761,O00739,P011,2,110.0
1762,O00739,P002,3,150.0
1763,O00740,P011,2,110.0
1764,O00740,P010,3,85.0
1765,O00741,P018,3,89.0
1766,O00741,P007,3,180.0
1767,O00742,P020,2,55.0
1768,O00743,P018,3,102.35
1769,O00744,P004,3,45.0
1770,O00745,P020,3,77.0
1771,O00746,P012,1,46.0
1772,O00746,P001,2,1380.0
1773,O00746,P011,1,126.5
1774,O00746,P014,1,69.0
1775,O00747,P012,2,56.0
1776,O00747,P013,1,126.0
1777,O00747,P002,2,210.0
1778,O00747,P007,2,252.0
1779,O00748,P012,2,40.0
1780,O00749,P002,2,150.0
1781,O00749,P005,2,120.0
1782,O00750,P013,2,126.0
1783,O00751,P015,2,35.0
1784,O00752,P012,2,40.0
1785,O00752,P011,2,110.0
1786,O00752,P020,3,55.0
1787,O00752,P005,2,120.0
1788,O00753,P001,3,1200.0
1789,O00753,P019,3,130.0
1790,O00753,P014,3,60.0
1791,O00754,P014,1,69.0
1792,O00754,P016,2,138.0
1793,O00755,P018,1,89.0
1794,O00755,P011,2,110.0
1795,O00755,P016,3,120.0
1796,O00755,P010,1,85.0
1797,O00756,P012,3,40.0
1798,O00756,P017,2,65.0
1799,O00756,P020,3,55.0
1800,O00756,P002,1,150.0
1801,O00757,P019,2,182.0
1802,O00758,P018,3,89.0
1803,O00758,P009,1,55.0
1804,O00758,P008,3,75.0
1805,O00759,P015,2,35.0
1806,O00759,P012,1,40.0
1807,O00759,P002,2,150.0
1808,O00760,P015,2,40.25
1809,O00760,P020,1,63.25
1810,O00761,P018,3,89.0
1811,O00761,P020,2,55.0
1812,O00761,P014,2,60.0
1813,O00762,P015,1,40.25
1814,O00762,P001,3,1380.0
1815,O00762,P014,2,69.0
1816,O00763,P015,2,49.0
1817,O00764,P012,3,40.0
1818,O00765,P008,2,75.0
1819,O00766,P015,2,40.25
1820,O00766,P001,3,1380.0
1821,O00766,P004,3,51.75
1822,O00766,P008,2,86.25
1823,O00767,P017,3,91.0
1824,O00768,P015,3,40.25
1825,O00768,P001,1,1380.0
1826,O00768,P011,1,126.5
1827,O00769,P015,3,35.0
1828,O00769,P004,3,45.0
1829,O00770,P013,3,90.0
1830,O00771,P018,2,89.0
1831,O00771,P003,2,899.0
1832,O00771,P012,3,40.0
1833,O00771,P009,1,55.0
1834,O00772,P006,2,95.0
1835,O00773,P018,1,102.35
1836,O00773,P009,3,63.25
1837,O00773,P007,1,207.0
1838,O00773,P008,3,86.25
1839,O00774,P019,1,182.0
1840,O00775,P014,2,60.0
1841,O00775,P007,2,180.0
1842,O00775,P002,1,150.0
1843,O00776,P018,2,89.0
1844,O00776,P005,1,120.0
1845,O00776,P010,2,85.0
1846,O00777,P020,3,63.25
1847,O00777,P016,2,138.0
1848,O00778,P012,2,46.0
1849,O00778,P001,3,1380.0
1850,O00778,P002,1,172.5
1851,O00779,P019,2,130.0
1852,O00780,P003,1,899.0
1853,O00780,P009,3,55.0
1854,O00780,P013,1,90.0
1855,O00781,P018,3,124.6
1856,O00781,P013,3,126.0
1857,O00781,P009,1,77.0
1858,O00782,P010,2,85.0
1859,O00783,P003,3,899.0
1860,O00783,P001,1,1200.0
1861,O00784,P003,3,899.0
1862,O00784,P019,2,130.0
1863,O00785,P002,2,172.5
1864,O00786,P012,3,40.0
1865,O00786,P014,1,60.0
1866,O00786,P013,1,90.0
1867,O00786,P008,2,75.0
1868,O00787,P012,3,40.0
1869,O00787,P020,3,55.0
1870,O00787,P006,1,95.0
1871,O00788,P018,1,89.0
1872,O00788,P011,2,110.0
1873,O00789,P012,3,40.0
1874,O00789,P020,2,55.0
1875,O00789,P013,2,90.0
1876,O00789,P008,2,75.0
1877,O00790,P010,1,97.75
1878,O00791,P019,3,149.5
1879,O00791,P014,1,69.0
1880,O00792,P015,2,49.0
1881,O00792,P005,3,168.0
1882,O00793,P018,1,89.0
1883,O00793,P009,2,55.0
1884,O00794,P020,1,55.0
1885,O00795,P018,2,89.0
1886,O00795,P015,3,35.0
1887,O00795,P004,1,45.0
1888,O00796,P018,1,102.35
1889,O00796,P001,1,1380.0
1890,O00797,P018,2,89.0
1891,O00797,P014,1,60.0
1892,O00797,P004,2,45.0
1893,O00797,P008,2,75.0
1894,O00798,P018,1,89.0
1895,O00798,P003,1,899.0
1896,O00798,P019,3,130.0
1897,O00798,P002,2,150.0
1898,O00799,P020,1,63.25
1899,O00799,P013,3,103.5
1900,O00799,P005,3,138.0
1901,O00800,P017,2,74.75
1902,O00800,P007,1,207.0
1903,O00800,P002,3,172.5
1904,O00801,P010,1,85.0
1905,O00801,P014,1,60.0
1906,O00801,P004,3,45.0
1907,O00801,P002,2,150.0
1908,O00802,P007,3,252.0
1909,O00802,P008,2,105.0
1910,O00803,P013,1,126.0
1911,O00803,P019,1,182.0
1912,O00803,P009,1,77.0
1913,O00803,P005,1,168.0
1914,O00804,P012,1,46.0
1915,O00804,P020,1,63.25
1916,O00804,P008,2,86.25
1917,O00805,P012,2,56.0
1918,O00805,P004,2,63.0
1919,O00805,P002,2,210.0
1920,O00806,P004,1,45.0
1921,O00807,P008,1,105.0
1922,O00808,P017,1,65.0
1923,O00809,P020,3,55.0
1924,O00809,P016,3,120.0
1925,O00810,P016,2,138.0
1926,O00811,P017,3,74.75
1927,O00811,P001,3,1380.0
1928,O00811,P020,1,63.25
1929,O00811,P016,2,138.0
1930,O00812,P015,1,40.25
1931,O00812,P004,3,51.75
1932,O00813,P015,1,35.0
1933,O00813,P017,2,65.0
1934,O00813,P007,3,180.0
1935,O00813,P010,2,85.0
1936,O00814,P012,1,40.0
1937,O00814,P008,2,75.0
1938,O00814,P010,3,85.0
1939,O00815,P018,3,124.6
1940,O00815,P017,2,91.0
1941,O00815,P009,3,77.0
1942,O00815,P008,3,105.0
1943,O00816,P012,1,56.0
1944,O00816,P001,1,1680.0
1945,O00816,P013,2,126.0
1946,O00817,P012,1,56.0
1947,O00817,P020,2,77.0
1948,O00817,P009,1,77.0
1949,O00817,P004,2,63.0
1950,O00818,P015,1,40.25
1951,O00818,P014,1,69.0
1952,O00818,P004,3,51.75
1953,O00818,P006,3,109.25
1954,O00819,P004,1,63.0
1955,O00820,P012,2,56.0
1956,O00820,P004,1,63.0
1957,O00820,P006,2,133.0
1958,O00821,P004,2,63.0
1959,O00822,P018,2,89.0
1960,O00822,P003,3,899.0
1961,O00822,P020,3,55.0
1962,O00822,P004,2,45.0
1963,O00823,P015,2,35.0
1964,O00823,P011,1,110.0
1965,O00823,P013,1,90.0
1966,O00824,P012,3,40.0
1967,O00824,P017,2,65.0
1968,O00824,P009,2,55.0
1969,O00824,P002,2,150.0
1970,O00825,P015,2,40.25
1971,O00826,P004,3,63.0
1972,O00826,P017,3,91.0
1973,O00826,P013,2,126.0
1974,O00826,P005,2,168.0
1975,O00827,P015,3,49.0
1976,O00827,P002,1,210.0
1977,O00828,P015,1,35.0
1978,O00828,P014,2,60.0
1979,O00828,P002,2,150.0
1980,O00829,P011,1,126.5
1981,O00829,P005,3,138.0
1982,O00829,P010,3,97.75
1983,O00830,P004,2,45.0
1984,O00830,P001,1,1200.0
1985,O00830,P009,3,55.0
1986,O00830,P008,1,75.0
1987,O00831,P012,2,40.0
1988,O00831,P011,1,110.0
1989,O00831,P002,2,150.0
1990,O00831,P005,2,120.0
1991,O00832,P015,2,35.0
1992,O00832,P001,2,1200.0
1993,O00832,P004,1,45.0
1994,O00832,P006,1,95.0
1995,O00833,P002,3,150.0
1996,O00833,P010,3,85.0
1997,O00834,P015,2,49.0
1998,O00834,P002,1,210.0
1999,O00834,P013,1,126.0
2000,O00834,P010,2,119.0
2001,O00835,P009,1,55.0
2002,O00835,P002,2,150.0
2003,O00836,P009,1,55.0
2004,O00837,P012,3,46.0
2005,O00837,P004,2,51.75
2006,O00838,P005,1,138.0
2007,O00839,P009,2,77.0
2008,O00839,P004,1,63.0
2009,O00839,P007,2,252.0
2010,O00840,P002,2,150.0
2011,O00840,P005,3,120.0
2012,O00841,P014,3,60.0
2013,O00841,P008,2,75.0
2014,O00842,P008,3,75.0
2015,O00843,P013,1,103.5
2016,O00843,P014,1,69.0
2017,O00843,P009,1,63.25
2018,O00843,P005,3,138.0
2019,O00844,P009,1,77.0
2020,O00844,P005,1,168.0
2021,O00845,P011,3,110.0
2022,O00845,P004,1,45.0
2023,O00845,P008,1,75.0
2024,O00846,P015,1,35.0
2025,O00846,P014,3,60.0
2026,O00846,P007,2,180.0
2027,O00846,P006,3,95.0
2028,O00847,P004,3,45.0
2029,O00848,P012,3,40.0
2030,O00848,P019,1,130.0
2031,O00848,P005,3,120.0
2032,O00849,P012,2,40.0
2033,O00849,P014,1,60.0
2034,O00849,P004,1,45.0
2035,O00849,P002,1,150.0
2036,O00850,P003,3,899.0
2037,O00850,P004,1,45.0
2038,O00851,P009,2,77.0
2039,O00852,P012,2,46.0
2040,O00852,P020,1,63.25
2041,O00852,P004,2,51.75
2042,O00853,P015,1,35.0
2043,O00853,P011,2,110.0
2044,O00853,P004,1,45.0
2045,O00853,P010,2,85.0
2046,O00854,P016,2,120.0
2047,O00855,P012,2,40.0
2048,O00855,P004,2,45.0
2049,O00856,P012,3,40.0
2050,O00856,P008,2,75.0
2051,O00856,P011,1,110.0
2052,O00856,P006,1,95.0
2053,O00857,P011,3,110.0
2054,O00857,P020,1,55.0
2055,O00857,P014,2,60.0
2056,O00857,P008,1,75.0
2057,O00858,P020,3,63.25
2058,O00858,P019,2,149.5
2059,O00858,P004,3,51.75
2060,O00858,P016,3,138.0
2061,O00859,P015,3,35.0
2062,O00859,P019,1,130.0
2063,O00859,P014,1,60.0
2064,O00860,P019,2,130.0
2065,O00861,P003,1,1258.6
2066,O00861,P020,3,77.0
2067,O00861,P013,3,126.0
2068,O00862,P012,1,40.0
2069,O00862,P013,2,90.0
2070,O00862,P019,1,130.0
2071,O00862,P009,2,55.0
2072,O00863,P003,3,1258.6
2073,O00864,P004,3,51.75
2074,O00864,P005,2,138.0
2075,O00865,P015,3,35.0
2076,O00865,P014,1,60.0
2077,O00865,P004,1,45.0
2078,O00865,P008,2,75.0
2079,O00866,P010,1,85.0
2080,O00867,P004,1,45.0
2081,O00867,P002,2,150.0
2082,O00868,P018,2,89.0
2083,O00868,P014,1,60.0
2084,O00868,P004,2,45.0
2085,O00869,P001,2,1680.0
2086,O00869,P002,3,210.0
2087,O00869,P005,1,168.0
2088,O00870,P008,2,75.0
2089,O00870,P009,2,55.0
2090,O00870,P010,1,85.0
2091,O00871,P008,1,86.25
2092,O00871,P009,1,63.25
2093,O00871,P002,2,172.5
2094,O00872,P003,3,1033.85
2095,O00872,P001,2,1380.0
2096,O00873,P015,3,49.0
2097,O00873,P018,2,124.6
2098,O00873,P010,3,119.0
2099,O00874,P020,2,55.0
2100,O00875,P018,3,89.0
2101,O00875,P015,2,35.0
2102,O00875,P020,1,55.0
2103,O00876,P013,2,90.0
2104,O00876,P009,3,55.0
2105,O00876,P002,3,150.0
2106,O00877,P012,3,56.0
2107,O00877,P003,3,1258.6
2108,O00877,P004,3,63.0
2109,O00877,P006,1,133.0
2110,O00878,P003,1,1258.6
2111,O00878,P014,1,84.0
2112,O00878,P004,1,63.0
2113,O00878,P010,1,119.0
2114,O00879,P009,3,77.0
2115,O00880,P019,2,149.5
2116,O00880,P014,1,69.0
2117,O00881,P019,3,130.0
2118,O00881,P016,1,120.0
2119,O00882,P015,3,35.0
2120,O00882,P019,2,130.0
2121,O00882,P014,1,60.0
2122,O00883,P003,3,899.0
2123,O00883,P002,3,150.0
2124,O00884,P012,1,40.0
2125,O00885,P012,2,56.0
2126,O00885,P001,2,1680.0
2127,O00885,P002,2,210.0
2128,O00886,P003,2,899.0
2129,O00886,P001,2,1200.0
2130,O00887,P018,3,102.35
2131,O00887,P011,2,126.5
2132,O00887,P010,1,97.75
2133,O00888,P003,3,899.0
2134,O00888,P020,3,55.0
2135,O00888,P007,2,180.0
2136,O00889,P017,1,91.0
2137,O00889,P020,3,77.0
2138,O00889,P002,1,210.0
2139,O00889,P006,3,133.0
2140,O00890,P017,1,74.75
2141,O00890,P019,3,149.5
2142,O00890,P004,2,51.75
2143,O00890,P006,2,109.25
2144,O00891,P015,3,35.0
2145,O00891,P019,2,130.0
2146,O00891,P006,1,95.0
2147,O00892,P012,3,40.0
2148,O00892,P017,2,65.0
2149,O00892,P016,2,120.0
2150,O00893,P017,3,65.0
2151,O00893,P004,1,45.0
2152,O00894,P015,1,35.0
2153,O00895,P015,2,35.0
2154,O00895,P008,1,75.0
2155,O00895,P004,1,45.0
2156,O00895,P002,1,150.0
2157,O00896,P020,2,55.0
2158,O00896,P014,1,60.0
2159,O00896,P013,1,90.0
2160,O00897,P009,3,77.0
2161,O00897,P006,1,133.0
2162,O00898,P001,1,1200.0
2163,O00898,P014,1,60.0
2164,O00898,P010,1,85.0
2165,O00899,P015,2,40.25
2166,O00899,P017,3,74.75
2167,O00899,P004,3,51.75
2168,O00899,P006,2,109.25
2169,O00900,P015,2,40.25
2170,O00900,P009,3,63.25
2171,O00901,P018,3,89.0
2172,O00901,P017,1,65.0
2173,O00901,P012,1,40.0
2174,O00901,P002,3,150.0
2175,O00902,P012,1,40.0
2176,O00903,P011,2,110.0
2177,O00904,P020,1,55.0
2178,O00904,P009,1,55.0
2179,O00905,P020,3,55.0
2180,O00906,P003,2,1033.85
2181,O00906,P011,3,126.5
2182,O00906,P019,3,149.5
2183,O00906,P007,3,207.0
2184,O00907,P014,1,84.0
2185,O00908,P004,2,45.0
2186,O00909,P004,2,51.75
2187,O00909,P013,2,103.5
2188,O00910,P019,2,149.5
2189,O00910,P009,2,63.25
2190,O00910,P002,1,172.5
2191,O00910,P005,2,138.0
2192,O00911,P012,3,40.0
2193,O00911,P002,2,150.0
2194,O00912,P004,2,45.0
2195,O00912,P009,2,55.0
2196,O00913,P012,3,40.0
2197,O00914,P018,1,89.0
2198,O00914,P004,1,45.0
2199,O00915,P003,1,1033.85
2200,O00915,P009,1,63.25
2201,O00916,P017,2,74.75
2202,O00916,P013,3,103.5
2203,O00916,P002,3,172.5
2204,O00917,P012,1,46.0
2205,O00917,P003,3,1033.85
2206,O00917,P001,1,1380.0
2207,O00917,P011,1,126.5
2208,O00918,P015,3,40.25
2209,O00918,P020,1,63.25
2210,O00918,P002,3,172.5
2211,O00919,P015,3,35.0
2212,O00919,P017,2,65.0
2213,O00919,P020,2,55.0
2214,O00919,P004,2,45.0
2215,O00920,P018,2,89.0
2216,O00920,P007,2,180.0
2217,O00921,P014,1,60.0
2218,O00922,P004,1,45.0
2219,O00923,P012,3,40.0
2220,O00923,P011,3,110.0
2221,O00924,P018,2,102.35
2222,O00924,P001,3,1380.0
2223,O00924,P004,3,51.75
2224,O00925,P018,3,89.0
2225,O00925,P002,2,150.0
2226,O00926,P011,3,126.5
2227,O00926,P004,1,51.75
2228,O00926,P020,3,63.25
2229,O00926,P008,1,86.25
2230,O00927,P001,3,1200.0
2231,O00927,P011,3,110.0
2232,O00927,P005,2,120.0
2233,O00928,P012,1,46.0
2234,O00928,P019,2,149.5
2235,O00928,P020,3,63.25
2236,O00929,P008,3,75.0
2237,O00930,P003,3,899.0
2238,O00930,P008,1,75.0
2239,O00930,P006,2,95.0
2240,O00931,P002,2,210.0
2241,O00932,P012,1,56.0
2242,O00933,P015,1,40.25
2243,O00933,P003,2,1033.85
2244,O00934,P004,1,45.0
2245,O00935,P001,2,1680.0
2246,O00935,P014,3,84.0
2247,O00935,P009,2,77.0
2248,O00935,P008,1,105.0
2249,O00936,P012,2,56.0
2250,O00936,P017,3,91.0
2251,O00936,P007,3,252.0
2252,O00936,P015,3,49.0
2253,O00937,P003,1,899.0
2254,O00938,P001,3,1200.0
2255,O00938,P008,1,75.0
2256,O00939,P013,2,90.0
2257,O00939,P001,2,1200.0
2258,O00939,P009,2,55.0
2259,O00940,P016,1,120.0
2260,O00941,P015,2,40.25
2261,O00941,P004,1,51.75
2262,O00942,P014,2,69.0
2263,O00942,P009,3,63.25
2264,O00943,P018,3,102.35
2265,O00943,P004,3,51.75
2266,O00944,P003,2,1033.85
2267,O00944,P009,1,63.25
2268,O00945,P018,3,102.35
2269,O00945,P001,2,1380.0
2270,O00945,P009,3,63.25
2271,O00945,P004,3,51.75
2272,O00946,P011,3,110.0
2273,O00946,P008,2,75.0
2274,O00947,P003,3,1258.6
2275,O00947,P020,2,77.0
2276,O00947,P008,1,105.0
2277,O00948,P014,2,60.0
2278,O00949,P001,3,1200.0
2279,O00949,P002,1,150.0
2280,O00949,P006,2,95.0
2281,O00950,P015,1,40.25
2282,O00950,P013,3,103.5
2283,O00951,P013,1,90.0
2284,O00951,P002,1,150.0
2285,O00952,P002,3,150.0
2286,O00953,P015,1,35.0
2287,O00953,P019,3,130.0
2288,O00954,P010,3,85.0
2289,O00954,P016,3,120.0
2290,O00954,P006,1,95.0
2291,O00955,P004,2,45.0
2292,O00956,P012,3,40.0
2293,O00956,P017,1,65.0
2294,O00956,P002,3,150.0
2295,O00957,P015,3,35.0
2296,O00957,P020,2,55.0
2297,O00957,P018,3,89.0
2298,O00957,P004,2,45.0
2299,O00958,P012,3,56.0
2300,O00958,P001,3,1680.0
2301,O00958,P004,1,63.0
2302,O00959,P015,2,35.0
2303,O00959,P011,3,110.0
2304,O00959,P018,2,89.0
2305,O00959,P005,3,120.0
2306,O00960,P012,2,40.0
2307,O00960,P004,1,45.0
2308,O00961,P017,3,65.0
2309,O00961,P019,1,130.0
2310,O00961,P005,1,120.0
2311,O00962,P001,2,1200.0
2312,O00963,P018,2,89.0
2313,O00963,P020,3,55.0
2314,O00963,P007,1,180.0
2315,O00964,P017,2,74.75
2316,O00964,P007,1,207.0
2317,O00964,P002,3,172.5
2318,O00965,P001,3,1380.0
2319,O00965,P005,3,138.0
2320,O00966,P020,1,63.25
2321,O00966,P014,2,69.0
2322,O00966,P013,1,103.5
2323,O00966,P005,2,138.0
2324,O00967,P017,2,65.0
2325,O00967,P013,1,90.0
2326,O00968,P015,1,49.0
2327,O00968,P009,2,77.0
2328,O00969,P020,1,63.25
2329,O00969,P004,2,51.75
2330,O00969,P007,3,207.0
2331,O00969,P006,3,109.25
2332,O00970,P003,2,899.0
2333,O00971,P012,3,40.0
2334,O00971,P019,1,130.0
2335,O00971,P020,3,55.0
2336,O00971,P002,1,150.0
2337,O00972,P005,3,138.0
2338,O00972,P016,3,138.0
2339,O00973,P020,1,63.25
2340,O00974,P012,2,40.0
2341,O00974,P011,1,110.0
2342,O00975,P012,2,56.0
2343,O00975,P011,3,154.0
2344,O00975,P005,3,168.0
2345,O00976,P004,2,45.0
2346,O00977,P018,2,102.35
2347,O00977,P014,3,69.0
2348,O00977,P004,3,51.75
2349,O00978,P003,2,1033.85
2350,O00978,P020,1,63.25
2351,O00978,P004,3,51.75
2352,O00979,P008,1,75.0
2353,O00980,P012,3,40.0
2354,O00980,P004,1,45.0
2355,O00981,P015,3,40.25
2356,O00981,P019,2,149.5
2357,O00982,P005,2,120.0
2358,O00983,P015,1,49.0
2359,O00983,P017,1,91.0
2360,O00983,P002,3,210.0
2361,O00984,P007,1,180.0
2362,O00985,P011,3,110.0
2363,O00985,P020,3,55.0
2364,O00985,P008,2,75.0
2365,O00986,P012,3,40.0
2366,O00986,P009,3,55.0
2367,O00987,P012,2,40.0
2368,O00987,P009,3,55.0
2369,O00988,P015,1,35.0
2370,O00988,P005,1,120.0
2371,O00989,P012,1,40.0
2372,O00989,P020,2,55.0
2373,O00989,P019,2,130.0
2374,O00990,P018,2,102.35
2375,O00990,P012,1,46.0
2376,O00990,P010,1,97.75
2377,O00991,P015,3,35.0
2378,O00991,P014,1,60.0
2379,O00991,P002,1,150.0
2380,O00991,P008,1,75.0
2381,O00992,P002,3,150.0
2382,O00993,P016,1,120.0
2383,O00993,P010,3,85.0
2384,O00994,P015,3,49.0
2385,O00994,P010,3,119.0
2386,O00995,P003,3,1258.6
2387,O00995,P014,1,84.0
2388,O00995,P002,3,210.0
2389,O00996,P013,1,90.0
2390,O00996,P003,2,899.0
2391,O00996,P020,1,55.0
2392,O00996,P004,3,45.0
2393,O00997,P017,2,74.75
2394,O00998,P014,1,69.0
2395,O00998,P009,2,63.25
2396,O00999,P003,2,899.0
2397,O00999,P005,3,120.0
2398,O01000,P005,1,120.0
2399,O01001,P002,3,210.0
2400,O01002,P019,1,130.0
2401,O01002,P004,2,45.0
2402,O01003,P012,2,40.0
2403,O01004,P007,2,180.0
2404,O01005,P015,2,40.25
2405,O01005,P020,2,63.25
2406,O01005,P011,3,126.5
2407,O01006,P015,2,40.25
2408,O01006,P002,3,172.5
2409,O01007,P011,1,154.0
2410,O01008,P018,3,124.6
2411,O01008,P001,2,1680.0
2412,O01008,P011,1,154.0
2413,O01008,P004,3,63.0
2414,O01009,P018,3,124.6
2415,O01009,P017,1,91.0
2416,O01010,P018,3,89.0
2417,O01010,P009,3,55.0
2418,O01010,P008,2,75.0
2419,O01011,P020,1,55.0
2420,O01011,P013,3,90.0
2421,O01012,P012,1,46.0
2422,O01012,P020,2,63.25
2423,O01012,P016,1,138.0
2424,O01013,P004,2,45.0
2425,O01014,P020,1,63.25
2426,O01014,P019,3,149.5
2427,O01014,P016,2,138.0
2428,O01014,P010,1,97.75
2429,O01015,P018,1,89.0
2430,O01015,P019,2,130.0
2431,O01015,P009,2,55.0
2432,O01016,P015,2,49.0
2433,O01016,P011,3,154.0
2434,O01016,P008,1,105.0
2435,O01017,P015,1,35.0
2436,O01018,P004,1,51.75
2437,O01019,P008,2,75.0
2438,O01020,P003,2,1033.85
2439,O01020,P020,2,63.25
2440,O01020,P004,1,51.75
2441,O01021,P013,1,90.0
2442,O01021,P002,3,150.0
2443,O01021,P008,3,75.0
2444,O01022,P006,1,95.0
2445,O01023,P020,2,55.0
2446,O01024,P001,2,1200.0
2447,O01024,P004,2,45.0
2448,O01024,P016,2,120.0
2449,O01025,P003,2,1033.85
2450,O01026,P006,3,133.0
2451,O01027,P012,1,46.0
2452,O01027,P018,2,102.35
2453,O01027,P014,2,69.0
2454,O01027,P005,2,138.0
2455,O01028,P009,2,55.0
2456,O01028,P008,3,75.0
2457,O01029,P015,3,35.0
2458,O01029,P001,1,1200.0
2459,O01029,P009,1,55.0
2460,O01029,P008,3,75.0
2461,O01030,P004,2,63.0
2462,O01031,P018,3,124.6
2463,O01031,P003,3,1258.6
2464,O01031,P020,1,77.0
2465,O01031,P009,2,77.0
2466,O01032,P012,1,46.0
2467,O01032,P009,3,63.25
2468,O01033,P020,3,55.0
2469,O01033,P008,3,75.0
2470,O01034,P015,3,35.0
2471,O01035,P012,2,40.0
2472,O01035,P009,1,55.0
2473,O01035,P008,1,75.0
2474,O01036,P012,2,40.0
2475,O01036,P010,3,85.0
2476,O01036,P004,3,45.0
2477,O01036,P008,3,75.0
2478,O01037,P014,3,60.0
2479,O01038,P014,2,60.0
2480,O01039,P012,1,46.0
2481,O01039,P016,1,138.0
2482,O01040,P008,2,75.0
2483,O01041,P014,2,60.0
2484,O01041,P007,3,180.0
2485,O01041,P005,1,120.0
2486,O01042,P018,3,89.0
2487,O01042,P017,3,65.0
2488,O01042,P001,3,1200.0
2489,O01043,P003,2,1033.85
2490,O01043,P020,3,63.25
2491,O01043,P014,1,69.0
2492,O01043,P004,2,51.75
2493,O01044,P015,1,35.0
2494,O01045,P014,2,60.0
2495,O01046,P020,1,55.0
2496,O01046,P004,1,45.0
2497,O01047,P014,3,60.0
2498,O01048,P013,3,103.5
2499,O01049,P015,2,35.0
2500,O01049,P001,1,1200.0
2501,O01049,P020,1,55.0
2502,O01049,P014,3,60.0
2503,O01050,P018,2,124.6
2504,O01050,P015,2,49.0
2505,O01050,P004,3,63.0
2506,O01051,P003,1,899.0
2507,O01051,P019,1,130.0
2508,O01051,P005,1,120.0
2509,O01052,P019,1,130.0
2510,O01052,P004,2,45.0
2511,O01052,P002,1,150.0
2512,O01053,P004,2,51.75
2513,O01054,P014,2,60.0
2514,O01054,P004,1,45.0
2515,O01054,P010,1,85.0
2516,O01055,P003,2,899.0
2517,O01056,P001,1,1200.0
2518,O01056,P019,3,130.0
2519,O01056,P004,3,45.0
2520,O01057,P018,1,102.35
2521,O01057,P003,1,1033.85
2522,O01058,P015,1,40.25
2523,O01058,P004,2,51.75
2524,O01059,P015,2,35.0
2525,O01059,P014,3,60.0
2526,O01059,P004,2,45.0
2527,O01059,P002,2,150.0
2528,O01060,P015,2,35.0
2529,O01060,P019,2,130.0
2530,O01061,P015,3,40.25
2531,O01061,P017,2,74.75
2532,O01061,P014,2,69.0
2533,O01061,P009,1,63.25
2534,O01062,P014,1,69.0
2535,O01062,P002,1,172.5
2536,O01062,P008,3,86.25
2537,O01063,P018,2,124.6
2538,O01063,P020,2,77.0
2539,O01063,P014,1,84.0
2540,O01063,P006,1,133.0
2541,O01064,P004,1,45.0
2542,O01064,P009,3,55.0
2543,O01064,P005,2,120.0
2544,O01065,P012,2,40.0
2545,O01065,P003,3,899.0
2546,O01066,P012,3,40.0
2547,O01067,P004,2,45.0
2548,O01067,P017,1,65.0
2549,O01067,P007,2,180.0
2550,O01068,P003,1,1033.85
2551,O01069,P001,1,1200.0
2552,O01069,P013,3,90.0
2553,O01069,P005,3,120.0
2554,O01070,P018,3,89.0
2555,O01070,P019,1,130.0
2556,O01070,P009,2,55.0
2557,O01070,P006,3,95.0
2558,O01071,P010,2,85.0
2559,O01072,P002,2,150.0
2560,O01072,P007,2,180.0
2561,O01072,P008,3,75.0
2562,O01073,P011,1,110.0
2563,O01073,P020,2,55.0
2564,O01073,P014,3,60.0
2565,O01073,P006,1,95.0
2566,O01074,P001,1,1200.0
2567,O01074,P002,2,150.0
2568,O01075,P004,2,51.75
2569,O01076,P019,1,130.0
2570,O01077,P003,2,899.0
2571,O01078,P019,2,130.0
2572,O01078,P016,3,120.0
2573,O01079,P012,1,46.0
2574,O01080,P015,1,40.25
2575,O01080,P020,1,63.25
2576,O01080,P014,2,69.0
2577,O01080,P007,2,207.0
2578,O01081,P012,3,46.0
2579,O01081,P014,1,69.0
2580,O01081,P018,3,102.35
2581,O01082,P020,1,55.0
2582,O01083,P014,2,60.0
2583,O01084,P011,3,110.0
2584,O01084,P008,3,75.0
2585,O01085,P007,1,180.0
2586,O01085,P016,3,120.0
2587,O01085,P010,1,85.0
2588,O01086,P003,1,899.0
2589,O01087,P001,2,1380.0
2590,O01087,P010,1,97.75
2591,O01088,P012,1,46.0
2592,O01088,P003,1,1033.85
2593,O01088,P008,2,86.25
2594,O01089,P011,3,126.5
2595,O01089,P002,2,172.5
2596,O01089,P006,3,109.25
2597,O01090,P009,3,55.0
2598,O01090,P006,2,95.0
2599,O01091,P012,1,56.0
2600,O01091,P003,1,1258.6
2601,O01091,P002,1,210.0
2602,O01091,P005,1,168.0
2603,O01092,P012,3,40.0
2604,O01092,P005,3,120.0
2605,O01092,P006,3,95.0
2606,O01093,P004,2,45.0
2607,O01093,P017,1,65.0
2608,O01093,P009,1,55.0
2609,O01093,P015,1,35.0
2610,O01094,P015,1,35.0
2611,O01094,P001,3,1200.0
2612,O01094,P006,3,95.0
2613,O01095,P015,3,35.0
2614,O01095,P018,1,89.0
2615,O01095,P004,1,45.0
2616,O01096,P003,2,1033.85
2617,O01096,P001,2,1380.0
2618,O01096,P019,2,149.5
2619,O01097,P018,1,89.0
2620,O01097,P020,3,55.0
2621,O01098,P011,1,154.0
2622,O01098,P020,2,77.0
2623,O01098,P013,1,126.0
2624,O01099,P016,1,138.0
2625,O01100,P015,2,40.25
2626,O01100,P020,3,63.25
2627,O01100,P010,2,97.75
2628,O01101,P015,2,49.0
2629,O01101,P003,1,1258.6
2630,O01101,P001,3,1680.0
2631,O01102,P015,2,49.0
2632,O01102,P011,2,154.0
2633,O01102,P005,1,168.0
2634,O01103,P012,3,40.0
2635,O01103,P020,2,55.0
2636,O01103,P004,3,45.0
2637,O01103,P006,1,95.0
2638,O01104,P012,1,46.0
2639,O01104,P017,2,74.75
2640,O01104,P003,3,1033.85
2641,O01104,P008,1,86.25
2642,O01105,P012,3,40.0
2643,O01105,P006,3,95.0
2644,O01106,P011,2,110.0
2645,O01106,P002,1,150.0
2646,O01106,P006,1,95.0
2647,O01107,P002,2,210.0
2648,O01108,P018,2,124.6
2649,O01108,P003,3,1258.6
2650,O01108,P002,3,210.0
2651,O01108,P008,3,105.0
2652,O01109,P015,1,35.0
2653,O01110,P004,2,45.0
2654,O01110,P010,1,85.0
2655,O01110,P013,3,90.0
2656,O01110,P002,3,150.0
2657,O01111,P019,3,149.5
2658,O01111,P009,2,63.25
2659,O01112,P015,1,40.25
2660,O01112,P012,2,46.0
2661,O01112,P007,1,207.0
2662,O01113,P002,3,150.0
2663,O01113,P006,3,95.0
2664,O01114,P018,2,89.0
2665,O01114,P008,1,75.0
2666,O01115,P015,2,49.0
2667,O01115,P011,2,154.0
2668,O01115,P008,2,105.0
2669,O01116,P001,1,1680.0
2670,O01116,P019,1,182.0
2671,O01116,P016,3,168.0
2672,O01116,P010,2,119.0
2673,O01117,P012,1,40.0
2674,O01117,P014,1,60.0
2675,O01117,P016,1,120.0
2676,O01117,P010,2,85.0
2677,O01118,P012,3,40.0
2678,O01118,P017,2,65.0
2679,O01118,P013,1,90.0
2680,O01119,P015,3,35.0
2681,O01120,P003,3,899.0
2682,O01120,P019,2,130.0
2683,O01120,P014,3,60.0
2684,O01120,P004,1,45.0
2685,O01121,P003,3,899.0
2686,O01121,P001,1,1200.0
2687,O01122,P005,1,138.0
2688,O01123,P018,2,102.35
2689,O01124,P019,2,130.0
2690,O01125,P018,1,89.0
2691,O01125,P014,1,60.0
2692,O01125,P009,3,55.0
2693,O01125,P013,3,90.0
2694,O01126,P012,1,46.0
2695,O01126,P015,2,40.25
2696,O01127,P015,1,49.0
2697,O01127,P003,2,1258.6
2698,O01127,P009,2,77.0
2699,O01128,P001,3,1200.0
2700,O01128,P019,2,130.0
2701,O01128,P014,1,60.0
2702,O01128,P006,2,95.0
2703,O01129,P018,3,102.35
2704,O01129,P001,3,1380.0
2705,O01129,P004,1,51.75
2706,O01129,P010,2,97.75
2707,O01130,P012,3,56.0
2708,O01130,P014,2,84.0
2709,O01130,P004,2,63.0
2710,O01131,P018,3,89.0
2711,O01131,P011,3,110.0
2712,O01131,P002,1,150.0
2713,O01131,P020,3,55.0
2714,O01132,P018,1,89.0
2715,O01132,P013,3,90.0
2716,O01132,P002,1,150.0
2717,O01133,P014,2,84.0
2718,O01134,P015,2,35.0
2719,O01134,P009,1,55.0
2720,O01135,P018,2,89.0
2721,O01135,P003,3,899.0
2722,O01135,P002,3,150.0
2723,O01136,P015,3,35.0
2724,O01136,P011,1,110.0
2725,O01136,P004,2,45.0
2726,O01137,P001,3,1200.0
2727,O01137,P002,1,150.0
2728,O01138,P017,1,74.75
2729,O01139,P012,3,56.0
2730,O01139,P015,3,49.0
2731,O01139,P018,3,124.6
2732,O01139,P008,2,105.0
2733,O01140,P012,2,40.0
2734,O01140,P010,2,85.0
2735,O01141,P017,3,65.0
2736,O01141,P010,2,85.0
2737,O01142,P003,3,1033.85
2738,O01143,P003,1,1033.85
2739,O01144,P017,2,65.0
2740,O01144,P001,2,1200.0
2741,O01144,P006,3,95.0
2742,O01145,P018,1,124.6
2743,O01146,P001,1,1200.0
2744,O01146,P014,2,60.0
2745,O01146,P009,1,55.0
2746,O01147,P012,3,40.0
2747,O01147,P015,1,35.0
2748,O01148,P015,1,49.0
2749,O01148,P020,2,77.0
2750,O01148,P019,1,182.0
2751,O01148,P002,2,210.0
2752,O01149,P019,2,130.0
2753,O01150,P015,1,35.0
2754,O01150,P003,3,899.0
2755,O01150,P011,2,110.0
2756,O01151,P018,1,102.35
2757,O01151,P001,1,1380.0
2758,O01151,P020,1,63.25
2759,O01151,P006,3,109.25
2760,O01152,P015,2,40.25
2761,O01152,P012,3,46.0
2762,O01152,P002,1,172.5
2763,O01153,P012,2,46.0
2764,O01153,P003,2,1033.85
2765,O01153,P013,1,103.5
2766,O01154,P001,2,1200.0
2767,O01154,P019,3,130.0
2768,O01154,P002,3,150.0
2769,O01154,P005,3,120.0
2770,O01155,P018,1,89.0
2771,O01156,P002,2,210.0
2772,O01157,P003,3,899.0
2773,O01157,P011,1,110.0
2774,O01157,P002,2,150.0
2775,O01157,P005,3,120.0
2776,O01158,P006,2,95.0
2777,O01158,P010,3,85.0
2778,O01159,P012,3,40.0
2779,O01159,P005,3,120.0
2780,O01160,P002,2,210.0
2781,O01161,P003,1,899.0
2782,O01161,P020,2,55.0
2783,O01161,P004,3,45.0
2784,O01161,P006,3,95.0
2785,O01162,P008,1,105.0
2786,O01163,P011,1,110.0
2787,O01164,P020,1,55.0
2788,O01164,P013,2,90.0
2789,O01164,P006,3,95.0
2790,O01165,P014,3,60.0
2791,O01165,P009,1,55.0
2792,O01166,P012,2,40.0
2793,O01167,P017,3,65.0
2794,O01167,P019,1,130.0
2795,O01168,P020,2,55.0
2796,O01168,P019,3,130.0
2797,O01168,P005,2,120.0
2798,O01168,P010,1,85.0
2799,O01169,P013,2,90.0
2800,O01169,P009,2,55.0
2801,O01169,P008,3,75.0
2802,O01170,P003,3,899.0
2803,O01171,P018,1,89.0
2804,O01171,P001,2,1200.0
2805,O01171,P010,1,85.0
2806,O01172,P012,1,40.0
2807,O01172,P014,2,60.0
2808,O01172,P009,3,55.0
2809,O01173,P020,2,55.0
2810,O01173,P005,2,120.0
2811,O01173,P010,2,85.0
2812,O01174,P003,3,899.0
2813,O01174,P014,3,60.0
2814,O01175,P003,3,899.0
2815,O01175,P001,3,1200.0
2816,O01176,P015,3,40.25
2817,O01176,P002,2,172.5
2818,O01177,P015,2,40.25
2819,O01178,P013,2,103.5
2820,O01179,P011,1,126.5
2821,O01180,P005,2,138.0
2822,O01181,P018,2,124.6
2823,O01181,P015,2,49.0
2824,O01181,P002,1,210.0
2825,O01182,P004,1,45.0
2826,O01183,P001,3,1680.0
2827,O01183,P019,1,182.0
2828,O01184,P013,3,90.0
2829,O01184,P020,3,55.0
2830,O01184,P009,1,55.0
2831,O01185,P020,1,55.0
2832,O01186,P012,3,40.0
2833,O01186,P003,2,899.0
2834,O01186,P017,3,65.0
2835,O01186,P018,3,89.0
2836,O01187,P004,2,45.0
2837,O01187,P012,1,40.0
2838,O01187,P019,2,130.0
2839,O01187,P007,1,180.0
2840,O01188,P008,3,75.0
2841,O01189,P014,2,60.0
2842,O01189,P013,1,90.0
2843,O01189,P010,3,85.0
2844,O01190,P009,3,55.0
2845,O01190,P016,3,120.0
2846,O01191,P017,2,91.0
2847,O01191,P003,2,1258.6
2848,O01191,P008,3,105.0
2849,O01192,P009,3,55.0
2850,O01193,P003,1,1033.85
2851,O01194,P015,1,40.25
2852,O01195,P012,3,40.0
2853,O01195,P019,2,130.0
2854,O01195,P009,1,55.0
2855,O01195,P008,2,75.0
2856,O01196,P020,1,63.25
2857,O01197,P014,3,60.0
2858,O01197,P020,2,55.0
2859,O01197,P019,2,130.0
2860,O01198,P004,1,51.75
2861,O01199,P015,1,40.25
2862,O01199,P007,3,207.0
2863,O01199,P010,3,97.75
2864,O01200,P020,1,77.0
2865,O01200,P009,3,77.0
2866,O01200,P016,3,168.0
2867,O01200,P006,1,133.0
2868,O01201,P012,2,40.0
2869,O01201,P013,1,90.0
2870,O01201,P002,1,150.0
2871,O01202,P011,2,110.0
2872,O01202,P004,3,45.0
2873,O01203,P003,1,899.0
2874,O01203,P014,3,60.0
2875,O01204,P018,1,89.0
2876,O01204,P001,2,1200.0
2877,O01205,P012,3,40.0
2878,O01205,P015,1,35.0
2879,O01205,P020,2,55.0
2880,O01206,P018,1,102.35
2881,O01206,P015,2,40.25
2882,O01206,P020,1,63.25
2883,O01206,P005,3,138.0
2884,O01207,P012,2,46.0
2885,O01207,P015,1,40.25
2886,O01207,P014,2,69.0
2887,O01207,P016,1,138.0
2888,O01208,P012,3,40.0
2889,O01208,P018,1,89.0
2890,O01208,P004,3,45.0
2891,O01209,P003,1,899.0
2892,O01209,P008,3,75.0
2893,O01210,P011,2,126.5
2894,O01210,P004,2,51.75
2895,O01210,P010,1,97.75
2896,O01211,P009,2,63.25
2897,O01212,P014,2,60.0
2898,O01212,P013,2,90.0
2899,O01212,P005,3,120.0
2900,O01213,P017,1,74.75
2901,O01213,P011,1,126.5
2902,O01213,P009,1,63.25
2903,O01213,P008,2,86.25
2904,O01214,P003,2,899.0
2905,O01214,P014,3,60.0
2906,O01214,P007,1,180.0
2907,O01214,P010,2,85.0
2908,O01215,P015,2,40.25
2909,O01215,P001,1,1380.0
2910,O01215,P004,3,51.75
2911,O01215,P005,2,138.0
2912,O01216,P017,2,74.75
2913,O01216,P009,1,63.25
2914,O01217,P018,3,124.6
2915,O01217,P004,1,63.0
2916,O01217,P010,3,119.0
2917,O01218,P012,1,40.0
2918,O01218,P003,2,899.0
2919,O01218,P020,1,55.0
2920,O01219,P004,1,45.0
2921,O01219,P008,3,75.0
2922,O01220,P004,2,51.75
2923,O01220,P006,2,109.25
2924,O01221,P017,3,65.0
2925,O01221,P001,3,1200.0
2926,O01221,P002,1,150.0
2927,O01221,P006,1,95.0
2928,O01222,P017,2,65.0
2929,O01223,P018,1,89.0
2930,O01223,P017,1,65.0
2931,O01224,P015,1,35.0
2932,O01224,P001,3,1200.0
2933,O01224,P012,3,40.0
2934,O01224,P019,2,130.0
2935,O01225,P015,2,40.25
2936,O01225,P017,2,74.75
2937,O01225,P009,2,63.25
2938,O01226,P015,2,35.0
2939,O01226,P020,1,55.0
2940,O01226,P016,3,120.0
2941,O01227,P003,2,1033.85
2942,O01227,P011,2,126.5
2943,O01227,P016,1,138.0
2944,O01227,P010,3,97.75
2945,O01228,P012,1,40.0
2946,O01229,P009,2,55.0
2947,O01229,P002,3,150.0
2948,O01230,P011,2,110.0
2949,O01230,P002,2,150.0
2950,O01231,P015,3,35.0
2951,O01231,P001,2,1200.0
2952,O01232,P015,3,35.0
2953,O01232,P017,2,65.0
2954,O01232,P016,2,120.0
2955,O01233,P012,3,40.0
2956,O01233,P011,3,110.0
2957,O01233,P010,1,85.0
2958,O01234,P015,3,35.0
2959,O01234,P004,1,45.0
2960,O01234,P016,1,120.0
2961,O01234,P008,1,75.0
2962,O01235,P001,2,1200.0
2963,O01236,P012,1,40.0
2964,O01236,P014,3,60.0
2965,O01237,P010,3,97.75
2966,O01237,P009,2,63.25
2967,O01237,P006,3,109.25
2968,O01238,P012,3,46.0
2969,O01238,P004,1,51.75
2970,O01238,P006,3,109.25
2971,O01239,P008,3,86.25
2972,O01239,P004,3,51.75
2973,O01239,P010,1,97.75
2974,O01240,P003,1,1258.6
2975,O01240,P001,2,1680.0
2976,O01240,P009,3,77.0
2977,O01240,P002,1,210.0
2978,O01241,P018,2,102.35
2979,O01241,P014,3,69.0
2980,O01241,P013,1,103.5
2981,O01241,P002,1,172.5
2982,O01242,P018,2,89.0
2983,O01242,P017,2,65.0
2984,O01242,P013,3,90.0
2985,O01243,P013,1,103.5
2986,O01244,P012,3,46.0
2987,O01244,P003,3,1033.85
2988,O01244,P004,3,51.75
2989,O01245,P012,3,40.0
2990,O01245,P018,3,89.0
2991,O01245,P013,3,90.0
2992,O01246,P019,3,130.0
2993,O01247,P018,2,102.35
2994,O01247,P004,1,51.75
2995,O01248,P003,3,1033.85
2996,O01248,P011,2,126.5
2997,O01248,P014,2,69.0
2998,O01248,P007,2,207.0
2999,O01249,P020,2,77.0
3000,O01250,P012,3,46.0
3001,O01250,P017,2,74.75
3002,O01250,P011,3,126.5
3003,O01250,P015,2,40.25
3004,O01251,P018,2,102.35
3005,O01252,P004,3,45.0
3006,O01252,P009,1,55.0
3007,O01253,P013,2,126.0
3008,O01253,P004,2,63.0
3009,O01253,P007,3,252.0
3010,O01253,P008,1,105.0
3011,O01254,P018,2,102.35
3012,O01255,P018,1,102.35
3013,O01255,P015,1,40.25
3014,O01255,P011,2,126.5
3015,O01255,P010,1,97.75
3016,O01256,P015,1,35.0
3017,O01256,P004,1,45.0
3018,O01257,P002,3,150.0
3019,O01258,P012,1,40.0
3020,O01258,P020,3,55.0
3021,O01258,P002,3,150.0
3022,O01259,P018,3,102.35
3023,O01259,P007,1,207.0
3024,O01260,P018,3,89.0
3025,O01260,P017,1,65.0
3026,O01260,P014,3,60.0
3027,O01260,P002,2,150.0
3028,O01261,P006,1,109.25
3029,O01261,P010,3,97.75
3030,O01262,P008,3,75.0
3031,O01263,P004,2,63.0
3032,O01263,P019,3,182.0
3033,O01263,P002,3,210.0
3034,O01264,P017,2,65.0
3035,O01264,P004,2,45.0
3036,O01265,P015,1,35.0
3037,O01265,P007,3,180.0
3038,O01266,P012,2,40.0
3039,O01266,P006,1,95.0
3040,O01267,P018,3,89.0
3041,O01267,P004,2,45.0
3042,O01267,P006,2,95.0
3043,O01268,P018,2,124.6
3044,O01268,P001,1,1680.0
3045,O01269,P020,3,55.0
3046,O01269,P009,3,55.0
3047,O01270,P020,3,63.25
3048,O01270,P008,3,86.25
3049,O01271,P012,1,40.0
3050,O01272,P007,3,180.0
3051,O01272,P010,2,85.0
3052,O01273,P007,1,180.0
3053,O01274,P004,2,51.75
3054,O01275,P019,2,149.5
3055,O01275,P014,1,69.0
3056,O01275,P002,2,172.5
3057,O01276,P016,3,120.0
3058,O01276,P010,2,85.0
3059,O01277,P015,3,49.0
3060,O01277,P005,2,168.0
3061,O01277,P010,2,119.0
3062,O01278,P012,1,46.0
3063,O01278,P013,3,103.5
3064,O01278,P009,1,63.25
3065,O01278,P005,2,138.0
3066,O01279,P012,1,46.0
3067,O01279,P020,1,63.25
3068,O01280,P018,2,89.0
3069,O01280,P003,2,899.0
3070,O01280,P001,1,1200.0
3071,O01280,P004,1,45.0
3072,O01281,P015,1,35.0
3073,O01281,P010,3,85.0
3074,O01282,P001,3,1680.0
3075,O01282,P004,3,63.0
3076,O01282,P002,2,210.0
3077,O01283,P018,1,124.6
3078,O01283,P015,2,49.0
3079,O01283,P014,1,84.0
3080,O01283,P016,2,168.0
3081,O01284,P012,1,40.0
3082,O01284,P020,1,55.0
3083,O01284,P014,3,60.0
3084,O01284,P008,1,75.0
3085,O01285,P001,3,1680.0
3086,O01285,P011,2,154.0
3087,O01285,P008,1,105.0
3088,O01286,P009,2,55.0
3089,O01286,P006,3,95.0
3090,O01287,P005,2,120.0
3091,O01288,P012,1,46.0
3092,O01288,P009,2,63.25
3093,O01289,P015,1,40.25
3094,O01289,P018,1,102.35
3095,O01289,P002,2,172.5
3096,O01290,P015,2,49.0
3097,O01290,P001,1,1680.0
3098,O01290,P014,2,84.0
3099,O01291,P015,2,49.0
3100,O01291,P003,3,1258.6
3101,O01291,P017,2,91.0
3102,O01292,P018,1,89.0
3103,O01292,P003,2,899.0
3104,O01292,P020,3,55.0
3105,O01293,P015,2,35.0
3106,O01293,P017,2,65.0
3107,O01293,P004,1,45.0
3108,O01294,P018,1,89.0
3109,O01294,P001,3,1200.0
3110,O01294,P010,3,85.0
3111,O01295,P015,1,40.25
3112,O01295,P009,3,63.25
3113,O01295,P016,2,138.0
3114,O01296,P001,3,1680.0
3115,O01296,P007,1,252.0
3116,O01296,P008,3,105.0
3117,O01297,P002,3,150.0
3118,O01298,P015,1,40.25
3119,O01298,P020,3,63.25
3120,O01298,P009,3,63.25
3121,O01298,P006,3,109.25
3122,O01299,P004,3,45.0
3123,O01300,P018,2,89.0
3124,O01301,P012,3,40.0
3125,O01301,P020,3,55.0
3126,O01302,P015,3,35.0
3127,O01302,P002,2,150.0
3128,O01303,P015,1,49.0
3129,O01303,P011,3,154.0
3130,O01303,P004,2,63.0
3131,O01303,P006,1,133.0
3132,O01304,P001,3,1680.0
3133,O01304,P004,1,63.0
3134,O01304,P016,2,168.0
3135,O01305,P004,1,45.0
3136,O01305,P020,3,55.0
3137,O01305,P013,2,90.0
3138,O01305,P007,1,180.0
3139,O01306,P015,2,35.0
3140,O01306,P013,3,90.0
3141,O01306,P010,3,85.0
3142,O01307,P012,2,40.0
3143,O01307,P008,1,75.0
3144,O01307,P007,2,180.0
3145,O01307,P010,3,85.0
3146,O01308,P012,2,46.0
3147,O01308,P004,2,51.75
3148,O01309,P014,3,60.0
3149,O01310,P012,2,40.0
3150,O01310,P020,2,55.0
3151,O01310,P004,2,45.0
3152,O01310,P008,2,75.0
3153,O01311,P001,2,1200.0
3154,O01311,P014,2,60.0
3155,O01311,P004,1,45.0
3156,O01311,P008,2,75.0
3157,O01312,P020,1,55.0
3158,O01312,P009,1,55.0
3159,O01313,P006,2,109.25
3160,O01313,P019,3,149.5
3161,O01313,P004,1,51.75
3162,O01313,P008,3,86.25
3163,O01314,P009,2,63.25
3164,O01314,P004,1,51.75
3165,O01314,P016,1,138.0
3166,O01314,P006,2,109.25
3167,O01315,P012,2,40.0
3168,O01316,P015,3,40.25
3169,O01316,P002,3,172.5
3170,O01317,P003,1,1033.85
3171,O01317,P013,3,103.5
3172,O01318,P012,2,40.0
3173,O01318,P020,3,55.0
3174,O01318,P007,1,180.0
3175,O01318,P005,2,120.0
3176,O01319,P015,1,35.0
3177,O01319,P010,1,85.0
3178,O01320,P007,1,252.0
3179,O01320,P006,1,133.0
3180,O01321,P011,1,126.5
3181,O01321,P020,3,63.25
3182,O01322,P015,1,49.0
3183,O01322,P005,1,168.0
3184,O01323,P008,3,75.0
3185,O01324,P003,3,1033.85
3186,O01324,P009,1,63.25
3187,O01324,P005,3,138.0
3188,O01325,P019,2,149.5
3189,O01325,P009,1,63.25
3190,O01325,P008,2,86.25
3191,O01326,P019,2,149.5
3192,O01326,P014,1,69.0
3193,O01326,P002,2,172.5
3194,O01327,P015,2,35.0
3195,O01327,P010,3,85.0
3196,O01327,P008,2,75.0
3197,O01328,P016,1,120.0
3198,O01329,P018,3,89.0
3199,O01329,P001,2,1200.0
3200,O01329,P012,2,40.0
3201,O01330,P006,3,109.25
3202,O01330,P010,3,97.75
3203,O01331,P018,2,102.35
3204,O01331,P013,3,103.5
3205,O01332,P018,3,102.35
3206,O01333,P013,3,103.5
3207,O01333,P005,3,138.0
3208,O01334,P014,3,60.0
3209,O01334,P011,3,110.0
3210,O01334,P019,2,130.0
3211,O01334,P020,3,55.0
3212,O01335,P018,1,89.0
3213,O01335,P011,2,110.0
3214,O01335,P004,2,45.0
3215,O01335,P012,1,40.0
3216,O01336,P003,3,899.0
3217,O01336,P004,3,45.0
3218,O01337,P011,3,110.0
3219,O01337,P020,3,55.0
3220,O01337,P014,3,60.0
3221,O01337,P005,1,120.0
3222,O01338,P012,3,46.0
3223,O01338,P015,3,40.25
3224,O01338,P005,1,138.0
3225,O01339,P020,3,63.25
3226,O01339,P004,1,51.75
3227,O01339,P005,3,138.0
3228,O01339,P006,1,109.25
3229,O01340,P004,3,45.0
3230,O01340,P013,2,90.0
3231,O01340,P002,2,150.0
3232,O01341,P007,3,180.0
3233,O01342,P011,2,110.0
3234,O01342,P010,1,85.0
3235,O01343,P013,1,90.0
3236,O01343,P006,3,95.0
3237,O01344,P015,2,40.25
3238,O01345,P020,3,63.25
3239,O01345,P009,1,63.25
3240,O01345,P005,2,138.0
3241,O01346,P012,1,40.0
3242,O01346,P020,2,55.0
3243,O01346,P018,2,89.0
3244,O01346,P006,3,95.0
3245,O01347,P003,1,1258.6
3246,O01347,P014,2,84.0
3247,O01347,P016,1,168.0
3248,O01348,P016,3,138.0
3249,O01349,P019,2,130.0
3250,O01350,P011,2,154.0
3251,O01350,P004,3,63.0
3252,O01351,P020,2,63.25
3253,O01351,P014,3,69.0
3254,O01352,P019,2,149.5
3255,O01352,P010,2,97.75
3256,O01353,P015,2,40.25
3257,O01353,P008,2,86.25
3258,O01354,P001,2,1380.0
3259,O01354,P020,2,63.25
3260,O01354,P002,3,172.5
3261,O01354,P016,1,138.0
3262,O01355,P015,3,40.25
3263,O01355,P001,2,1380.0
3264,O01355,P004,2,51.75
3265,O01356,P007,2,207.0
3266,O01357,P017,2,91.0
3267,O01357,P013,2,126.0
3268,O01358,P005,2,120.0
3269,O01359,P020,3,63.25
3270,O01359,P009,2,63.25
3271,O01359,P016,1,138.0
3272,O01360,P012,2,40.0
3273,O01360,P002,2,150.0
3274,O01360,P008,1,75.0
3275,O01361,P018,3,89.0
3276,O01361,P002,2,150.0
3277,O01362,P012,3,56.0
3278,O01362,P013,1,126.0
3279,O01363,P018,3,89.0
3280,O01364,P018,1,89.0
3281,O01364,P019,2,130.0
3282,O01364,P010,2,85.0
3283,O01365,P020,3,55.0
3284,O01365,P004,3,45.0
3285,O01365,P005,1,120.0
3286,O01365,P008,1,75.0
3287,O01366,P018,1,102.35
3288,O01366,P017,3,74.75
3289,O01366,P009,2,63.25
3290,O01367,P018,3,102.35
3291,O01367,P020,2,63.25
3292,O01367,P007,2,207.0
3293,O01368,P015,3,40.25
3294,O01368,P012,1,46.0
3295,O01368,P014,3,69.0
3296,O01369,P012,2,56.0
3297,O01370,P015,2,49.0
3298,O01370,P016,2,168.0
3299,O01371,P015,2,35.0
3300,O01371,P016,1,120.0
3301,O01371,P010,2,85.0
3302,O01372,P018,1,102.35
3303,O01372,P001,2,1380.0
3304,O01373,P004,3,63.0
3305,O01373,P005,2,168.0
3306,O01374,P017,3,65.0
3307,O01374,P019,3,130.0
3308,O01374,P014,1,60.0
3309,O01374,P004,1,45.0
3310,O01375,P004,2,45.0
3311,O01376,P001,2,1200.0
3312,O01376,P016,1,120.0
3313,O01377,P010,3,85.0
3314,O01378,P004,3,45.0
3315,O01378,P002,1,150.0
3316,O01378,P016,1,120.0
3317,O01378,P010,1,85.0
3318,O01379,P004,1,45.0
3319,O01380,P015,1,40.25
3320,O01380,P020,1,63.25
3321,O01380,P009,3,63.25
3322,O01380,P008,2,86.25
3323,O01381,P012,2,56.0
3324,O01381,P001,2,1680.0
3325,O01381,P020,2,77.0
3326,O01382,P002,3,210.0
3327,O01382,P007,2,252.0
3328,O01382,P008,1,105.0
3329,O01383,P018,2,124.6
3330,O01383,P015,1,49.0
3331,O01383,P001,1,1680.0
3332,O01383,P020,1,77.0
3333,O01384,P003,1,1033.85
3334,O01385,P018,3,102.35
3335,O01385,P017,2,74.75
3336,O01385,P002,2,172.5
3337,O01385,P016,3,138.0
3338,O01386,P004,3,45.0
3339,O01386,P009,1,55.0
3340,O01387,P001,2,1200.0
3341,O01387,P004,3,45.0
3342,O01388,P008,2,105.0
3343,O01389,P019,2,130.0
3344,O01389,P002,3,150.0
3345,O01390,P020,1,55.0
3346,O01390,P002,2,150.0
3347,O01391,P018,3,89.0
3348,O01391,P003,1,899.0
3349,O01391,P012,2,40.0
3350,O01391,P013,2,90.0
3351,O01392,P020,2,55.0
3352,O01392,P014,3,60.0
3353,O01392,P002,3,150.0
3354,O01393,P003,1,1258.6
3355,O01393,P004,1,63.0
3356,O01394,P015,3,35.0
3357,O01394,P013,3,90.0
3358,O01394,P010,2,85.0
3359,O01395,P012,1,46.0
3360,O01395,P014,3,69.0
3361,O01395,P009,2,63.25
3362,O01396,P001,3,1380.0
3363,O01396,P020,1,63.25
3364,O01397,P001,2,1200.0
3365,O01397,P009,2,55.0
3366,O01398,P017,3,65.0
3367,O01398,P014,2,60.0
3368,O01399,P005,2,120.0
3369,O01399,P010,1,85.0
3370,O01400,P019,2,130.0
3371,O01400,P005,3,120.0
3372,O01400,P008,2,75.0
3373,O01401,P005,2,120.0
3374,O01401,P016,3,120.0
3375,O01402,P020,1,77.0
3376,O01402,P002,1,210.0
3377,O01403,P018,3,124.6
3378,O01403,P020,1,77.0
3379,O01403,P002,2,210.0
3380,O01403,P010,3,119.0
3381,O01404,P015,1,35.0
3382,O01404,P020,2,55.0
3383,O01405,P015,3,35.0
3384,O01406,P018,1,102.35
3385,O01406,P015,3,40.25
3386,O01407,P018,2,102.35
3387,O01407,P020,2,63.25
3388,O01407,P006,3,109.25
3389,O01408,P003,2,1258.6
3390,O01408,P001,3,1680.0
3391,O01408,P020,3,77.0
3392,O01408,P010,3,119.0
3393,O01409,P019,1,149.5
3394,O01409,P013,1,103.5
3395,O01410,P003,1,1033.85
3396,O01410,P017,2,74.75
3397,O01411,P004,2,51.75
3398,O01411,P018,1,102.35
3399,O01411,P009,2,63.25
3400,O01411,P002,1,172.5
3401,O01412,P003,2,1033.85
3402,O01412,P004,2,51.75
3403,O01413,P012,3,46.0
3404,O01414,P012,3,40.0
3405,O01414,P017,2,65.0
3406,O01414,P005,1,120.0
3407,O01414,P010,1,85.0
3408,O01415,P003,3,1033.85
3409,O01415,P013,3,103.5
3410,O01415,P010,2,97.75
3411,O01416,P012,3,40.0
3412,O01416,P002,3,150.0
3413,O01417,P018,3,124.6
3414,O01417,P014,3,84.0
3415,O01417,P009,2,77.0
3416,O01417,P006,2,133.0
3417,O01418,P002,2,150.0
3418,O01419,P020,3,55.0
3419,O01419,P009,2,55.0
3420,O01419,P004,3,45.0
3421,O01419,P005,3,120.0
3422,O01420,P018,1,124.6
3423,O01420,P014,3,84.0
3424,O01420,P013,3,126.0
3425,O01420,P002,1,210.0
3426,O01421,P020,3,55.0
3427,O01422,P004,1,63.0
3428,O01423,P017,3,65.0
3429,O01423,P019,2,130.0
3430,O01423,P002,2,150.0
3431,O01424,P006,1,95.0
3432,O01424,P020,2,55.0
3433,O01424,P008,2,75.0
3434,O01425,P004,3,45.0
3435,O01425,P016,3,120.0
3436,O01426,P011,1,110.0
3437,O01426,P004,2,45.0
3438,O01426,P016,2,120.0
3439,O01427,P007,3,207.0
3440,O01428,P004,2,45.0
3441,O01428,P011,3,110.0
3442,O01428,P009,2,55.0
3443,O01428,P007,2,180.0
3444,O01429,P019,1,130.0
3445,O01429,P020,1,55.0
3446,O01429,P016,3,120.0
3447,O01429,P007,2,180.0
3448,O01430,P012,3,56.0
3449,O01430,P009,1,77.0
3450,O01430,P016,1,168.0
3451,O01431,P015,3,49.0
3452,O01432,P003,3,1258.6
3453,O01432,P019,2,182.0
3454,O01432,P009,3,77.0
3455,O01433,P012,2,40.0
3456,O01433,P014,1,60.0
3457,O01434,P018,1,89.0
3458,O01434,P020,1,55.0
3459,O01435,P001,2,1380.0
3460,O01435,P013,2,103.5
3461,O01435,P005,3,138.0
3462,O01436,P015,3,35.0
3463,O01436,P019,2,130.0
3464,O01436,P014,2,60.0
3465,O01436,P020,2,55.0
3466,O01437,P020,1,77.0
3467,O01438,P012,1,46.0
3468,O01438,P017,3,74.75
3469,O01439,P012,1,40.0
3470,O01439,P010,2,85.0
3471,O01440,P004,3,51.75
3472,O01440,P011,2,126.5
3473,O01440,P020,3,63.25
3474,O01440,P010,3,97.75
3475,O01441,P015,2,35.0
3476,O01441,P011,1,110.0
3477,O01441,P002,3,150.0
3478,O01442,P020,2,55.0
3479,O01442,P004,2,45.0
3480,O01443,P012,2,40.0
3481,O01443,P018,1,89.0
3482,O01443,P008,3,75.0
3483,O01444,P018,2,89.0
3484,O01444,P020,3,55.0
3485,O01444,P002,1,150.0
3486,O01445,P012,3,56.0
3487,O01446,P001,3,1200.0
3488,O01446,P019,1,130.0
3489,O01447,P004,2,51.75
3490,O01448,P014,1,69.0
3491,O01448,P008,2,86.25
3492,O01449,P012,1,40.0
3493,O01450,P020,1,55.0
3494,O01451,P004,3,63.0
3495,O01452,P007,2,180.0
3496,O01453,P018,3,89.0
3497,O01453,P020,2,55.0
3498,O01453,P004,1,45.0
3499,O01454,P020,3,55.0
3500,O01454,P002,1,150.0
3501,O01455,P012,1,40.0
3502,O01455,P015,3,35.0
3503,O01455,P019,1,130.0
3504,O01456,P014,3,60.0
3505,O01457,P015,3,35.0
3506,O01457,P003,3,899.0
3507,O01457,P020,1,55.0
3508,O01458,P013,2,103.5
3509,O01458,P004,3,51.75
3510,O01458,P008,3,86.25
3511,O01459,P020,1,63.25
3512,O01459,P014,1,69.0
3513,O01459,P002,2,172.5
3514,O01459,P005,1,138.0
3515,O01460,P008,2,105.0
3516,O01461,P012,3,46.0
3517,O01461,P015,2,40.25
3518,O01461,P019,3,149.5
3519,O01462,P012,3,40.0
3520,O01462,P003,2,899.0
3521,O01462,P001,2,1200.0
3522,O01462,P002,2,150.0
3523,O01463,P012,1,56.0
3524,O01464,P007,3,180.0
3525,O01465,P015,3,40.25
3526,O01465,P014,1,69.0
3527,O01466,P012,3,46.0
3528,O01466,P009,2,63.25
3529,O01466,P008,3,86.25
3530,O01467,P012,1,40.0
3531,O01467,P015,1,35.0
3532,O01468,P015,2,40.25
3533,O01469,P002,2,210.0
3534,O01470,P019,2,130.0
3535,O01470,P014,1,60.0
3536,O01471,P013,2,90.0
3537,O01472,P018,2,89.0
3538,O01472,P015,2,35.0
3539,O01472,P004,3,45.0
3540,O01473,P009,3,55.0
3541,O01473,P014,2,60.0
3542,O01473,P013,1,90.0
3543,O01474,P014,1,84.0
3544,O01475,P012,3,40.0
3545,O01475,P015,3,35.0
3546,O01475,P004,3,45.0
3547,O01475,P002,2,150.0
3548,O01476,P018,2,89.0
3549,O01476,P017,1,65.0
3550,O01476,P020,1,55.0
3551,O01476,P012,3,40.0
3552,O01477,P003,1,899.0
3553,O01477,P001,3,1200.0
3554,O01477,P011,1,110.0
3555,O01477,P009,1,55.0
3556,O01478,P003,1,1033.85
3557,O01478,P013,3,103.5
3558,O01478,P010,3,97.75
3559,O01479,P020,2,55.0
3560,O01480,P019,2,182.0
3561,O01480,P002,1,210.0
3562,O01481,P018,1,89.0
3563,O01481,P014,1,60.0
3564,O01481,P010,3,85.0
3565,O01482,P012,1,56.0
3566,O01482,P003,1,1258.6
3567,O01482,P020,3,77.0
3568,O01483,P003,1,899.0
3569,O01484,P009,3,63.25
3570,O01485,P003,3,1258.6
3571,O01485,P014,3,84.0
3572,O01485,P004,1,63.0
3573,O01485,P016,1,168.0
3574,O01486,P010,3,85.0
3575,O01486,P015,2,35.0
3576,O01486,P013,3,90.0
3577,O01486,P006,2,95.0
3578,O01487,P015,2,35.0
3579,O01487,P004,2,45.0
3580,O01487,P006,1,95.0
3581,O01488,P009,2,63.25
3582,O01489,P003,3,1033.85
3583,O01489,P014,1,69.0
3584,O01489,P008,1,86.25
3585,O01490,P012,3,40.0
3586,O01490,P020,3,55.0
3587,O01491,P012,2,56.0
3588,O01491,P019,2,182.0
3589,O01491,P016,3,168.0
3590,O01492,P009,3,55.0
3591,O01492,P010,3,85.0
3592,O01493,P018,2,89.0
3593,O01493,P019,1,130.0
3594,O01493,P020,1,55.0
3595,O01494,P012,3,40.0
3596,O01494,P009,2,55.0
3597,O01494,P004,1,45.0
3598,O01495,P015,2,35.0
3599,O01496,P015,3,35.0
3600,O01496,P006,1,95.0
3601,O01497,P004,1,51.75
3602,O01497,P007,3,207.0
3603,O01498,P015,1,40.25
3604,O01498,P013,3,103.5
3605,O01498,P019,1,149.5
3606,O01498,P007,1,207.0
3607,O01499,P001,1,1380.0
3608,O01500,P007,2,207.0
3609,O01501,P020,1,55.0
3610,O01501,P007,2,180.0
3611,O01502,P018,3,124.6
3612,O01502,P013,1,126.0
3613,O01502,P010,2,119.0
3614,O01503,P015,3,40.25
3615,O01503,P019,1,149.5
3616,O01503,P020,2,63.25
3617,O01504,P003,2,1033.85
3618,O01505,P020,2,63.25
3619,O01505,P011,2,126.5
3620,O01505,P013,3,103.5
3621,O01505,P016,3,138.0
3622,O01506,P012,2,46.0
3623,O01506,P019,1,149.5
3624,O01506,P020,2,63.25
3625,O01507,P003,2,899.0
3626,O01507,P006,1,95.0
3627,O01508,P020,3,55.0
3628,O01508,P007,1,180.0
3629,O01509,P004,2,51.75
3630,O01509,P001,1,1380.0
3631,O01509,P019,3,149.5
3632,O01509,P009,2,63.25
3633,O01510,P011,1,110.0
3634,O01511,P015,2,35.0
3635,O01511,P005,2,120.0
3636,O01512,P015,1,49.0
3637,O01512,P016,2,168.0
3638,O01512,P010,3,119.0
3639,O01513,P015,2,35.0
3640,O01513,P017,2,65.0
3641,O01513,P008,3,75.0
3642,O01514,P015,3,40.25
3643,O01514,P020,1,63.25
3644,O01515,P019,1,182.0
3645,O01515,P005,3,168.0
3646,O01516,P001,1,1200.0
3647,O01517,P002,1,150.0
3648,O01517,P008,3,75.0
3649,O01518,P018,1,89.0
3650,O01519,P018,3,89.0
3651,O01519,P004,2,45.0
3652,O01519,P013,3,90.0
3653,O01520,P013,1,103.5
3654,O01521,P017,3,74.75
3655,O01521,P014,2,69.0
3656,O01521,P004,3,51.75
3657,O01522,P015,1,40.25
3658,O01522,P018,3,102.35
3659,O01522,P002,1,172.5
3660,O01522,P006,1,109.25
3661,O01523,P018,3,89.0
3662,O01523,P005,1,120.0
3663,O01524,P004,2,45.0
3664,O01525,P018,2,89.0
3665,O01525,P009,3,55.0
3666,O01526,P004,1,45.0
3667,O01526,P005,3,120.0
3668,O01526,P008,1,75.0
3669,O01527,P002,2,150.0
3670,O01527,P016,3,120.0
3671,O01528,P015,3,35.0
3672,O01528,P001,3,1200.0
3673,O01528,P002,1,150.0
3674,O01528,P016,2,120.0
3675,O01529,P015,3,35.0
3676,O01529,P020,2,55.0
3677,O01529,P013,3,90.0
3678,O01530,P004,3,63.0
3679,O01531,P018,2,124.6
3680,O01531,P019,2,182.0
3681,O01531,P010,2,119.0
3682,O01532,P015,2,35.0
3683,O01532,P003,1,899.0
3684,O01533,P018,2,89.0
3685,O01533,P003,1,899.0
3686,O01533,P009,2,55.0
3687,O01534,P004,1,45.0
3688,O01534,P013,1,90.0
3689,O01535,P003,2,899.0
3690,O01535,P001,3,1200.0
3691,O01535,P009,2,55.0
3692,O01535,P008,1,75.0
3693,O01536,P008,1,86.25
3694,O01537,P015,3,35.0
3695,O01537,P003,2,899.0
3696,O01537,P013,1,90.0
3697,O01538,P004,3,45.0
3698,O01538,P001,3,1200.0
3699,O01538,P014,2,60.0
3700,O01538,P007,3,180.0
3701,O01539,P012,2,40.0
3702,O01539,P008,3,75.0
3703,O01540,P015,3,35.0
3704,O01540,P019,3,130.0
3705,O01540,P020,1,55.0
3706,O01541,P017,3,65.0
3707,O01541,P005,2,120.0
3708,O01542,P012,3,46.0
3709,O01542,P015,2,40.25
3710,O01542,P002,1,172.5
3711,O01543,P015,1,40.25
3712,O01543,P019,2,149.5
3713,O01543,P020,2,63.25
3714,O01543,P010,1,97.75
3715,O01544,P016,2,120.0
3716,O01544,P008,1,75.0
3717,O01545,P007,3,180.0
3718,O01546,P020,2,77.0
3719,O01546,P016,2,168.0
3720,O01547,P017,3,91.0
3721,O01547,P014,3,84.0
3722,O01548,P015,3,35.0
3723,O01548,P004,2,45.0
3724,O01549,P017,1,65.0
3725,O01549,P001,2,1200.0
3726,O01549,P009,1,55.0
3727,O01549,P005,1,120.0
3728,O01550,P008,1,75.0
3729,O01551,P012,2,40.0
3730,O01551,P003,2,899.0
3731,O01551,P013,2,90.0
3732,O01551,P016,1,120.0
3733,O01552,P001,1,1380.0
3734,O01552,P013,2,103.5
3735,O01552,P007,3,207.0
3736,O01552,P006,2,109.25
3737,O01553,P015,3,35.0
3738,O01553,P007,1,180.0
3739,O01554,P018,1,124.6
3740,O01554,P009,3,77.0
3741,O01554,P007,2,252.0
3742,O01555,P004,3,45.0
3743,O01555,P012,1,40.0
3744,O01555,P002,1,150.0
3745,O01556,P015,2,35.0
3746,O01556,P009,2,55.0
3747,O01556,P008,3,75.0
3748,O01557,P004,1,51.75
3749,O01557,P017,2,74.75
3750,O01557,P014,1,69.0
3751,O01557,P009,1,63.25
3752,O01558,P014,3,84.0
3753,O01558,P005,1,168.0
3754,O01559,P004,1,51.75
3755,O01560,P014,3,60.0
3756,O01560,P009,2,55.0
3757,O01561,P004,1,45.0
3758,O01561,P009,3,55.0
3759,O01562,P009,1,55.0
3760,O01562,P005,3,120.0
3761,O01562,P008,2,75.0
3762,O01563,P007,1,180.0
3763,O01563,P005,3,120.0
3764,O01564,P012,2,46.0
3765,O01564,P001,1,1380.0
3766,O01564,P014,1,69.0
3767,O01564,P013,1,103.5
3768,O01565,P015,3,40.25
3769,O01565,P017,3,74.75
3770,O01565,P018,3,102.35
3771,O01565,P004,2,51.75
3772,O01566,P014,3,84.0
3773,O01566,P002,2,210.0
3774,O01566,P008,1,105.0
3775,O01567,P007,1,252.0
3776,O01568,P020,2,77.0
3777,O01568,P009,2,77.0
3778,O01568,P004,2,63.0
3779,O01569,P011,3,110.0
3780,O01569,P019,2,130.0
3781,O01570,P013,1,103.5
3782,O01571,P018,2,89.0
3783,O01572,P015,1,49.0
3784,O01572,P020,1,77.0
3785,O01572,P010,2,119.0
3786,O01573,P015,2,49.0
3787,O01573,P020,1,77.0
3788,O01574,P003,1,1258.6
3789,O01574,P001,2,1680.0
3790,O01574,P014,2,84.0
3791,O01574,P006,1,133.0
3792,O01575,P003,3,899.0
3793,O01576,P015,2,35.0
3794,O01576,P009,1,55.0
3795,O01576,P004,1,45.0
3796,O01576,P002,2,150.0
3797,O01577,P012,1,40.0
3798,O01577,P020,2,55.0
3799,O01577,P009,3,55.0
3800,O01577,P002,2,150.0
3801,O01578,P017,2,65.0
3802,O01578,P001,1,1200.0
3803,O01579,P012,2,56.0
3804,O01579,P017,3,91.0
3805,O01579,P020,3,77.0
3806,O01579,P002,2,210.0
3807,O01580,P012,3,40.0
3808,O01580,P017,3,65.0
3809,O01580,P019,3,130.0
3810,O01580,P008,1,75.0
3811,O01581,P012,2,40.0
3812,O01581,P009,2,55.0
3813,O01581,P008,1,75.0
3814,O01582,P018,2,89.0
3815,O01582,P013,2,90.0
3816,O01582,P009,3,55.0
3817,O01582,P008,2,75.0
3818,O01583,P019,3,130.0
3819,O01583,P008,1,75.0
3820,O01584,P012,3,40.0
3821,O01585,P019,1,182.0
3822,O01585,P014,3,84.0
3823,O01585,P004,3,63.0
3824,O01586,P015,2,35.0
3825,O01586,P003,3,899.0
3826,O01586,P017,3,65.0
3827,O01586,P012,2,40.0
3828,O01587,P015,1,40.25
3829,O01587,P020,3,63.25
3830,O01588,P018,1,102.35
3831,O01588,P019,3,149.5
3832,O01589,P015,2,35.0
3833,O01590,P001,1,1380.0
3834,O01591,P018,1,102.35
3835,O01591,P015,2,40.25
3836,O01592,P015,2,35.0
3837,O01593,P006,3,133.0
3838,O01593,P019,3,182.0
3839,O01593,P013,3,126.0
3840,O01593,P008,1,105.0
3841,O01594,P005,2,168.0
3842,O01595,P009,3,55.0
3843,O01596,P005,1,120.0
3844,O01596,P002,3,150.0
3845,O01596,P016,3,120.0
3846,O01597,P010,2,85.0
3847,O01597,P013,2,90.0
3848,O01597,P009,3,55.0
3849,O01597,P008,3,75.0
3850,O01598,P020,2,63.25
3851,O01599,P015,2,35.0
3852,O01599,P010,3,85.0
3853,O01600,P015,2,49.0
3854,O01600,P011,2,154.0
3855,O01600,P013,1,126.0
3856,O01601,P015,1,35.0
3857,O01601,P009,1,55.0
3858,O01601,P013,2,90.0
3859,O01602,P015,1,35.0
3860,O01602,P019,1,130.0
3861,O01602,P004,1,45.0
3862,O01602,P010,1,85.0
3863,O01603,P010,2,97.75
3864,O01604,P015,3,40.25
3865,O01605,P009,1,63.25
3866,O01606,P012,3,56.0
3867,O01606,P009,2,77.0
3868,O01606,P005,2,168.0
3869,O01606,P002,2,210.0
3870,O01607,P018,1,89.0
3871,O01607,P019,1,130.0
3872,O01608,P012,3,40.0
3873,O01609,P003,1,899.0
3874,O01609,P013,1,90.0
3875,O01610,P015,2,35.0
3876,O01610,P006,1,95.0
3877,O01611,P012,1,40.0
3878,O01612,P018,1,102.35
3879,O01612,P001,2,1380.0
3880,O01612,P013,1,103.5
3881,O01613,P014,3,69.0
3882,O01613,P011,1,126.5
3883,O01613,P009,1,63.25
3884,O01613,P002,3,172.5
3885,O01614,P018,3,124.6
3886,O01614,P002,1,210.0
3887,O01615,P015,2,35.0
3888,O01615,P001,2,1200.0
3889,O01615,P016,2,120.0
3890,O01616,P015,3,40.25
3891,O01616,P003,3,1033.85
3892,O01617,P012,2,40.0
3893,O01617,P005,1,120.0
3894,O01618,P009,3,55.0
3895,O01619,P001,2,1200.0
3896,O01619,P016,2,120.0
3897,O01620,P018,3,89.0
3898,O01620,P020,2,55.0
3899,O01620,P014,2,60.0
3900,O01620,P008,2,75.0
3901,O01621,P018,3,89.0
3902,O01621,P015,3,35.0
3903,O01621,P009,3,55.0
3904,O01622,P015,2,35.0
3905,O01623,P004,2,45.0
3906,O01623,P019,1,130.0
3907,O01623,P013,3,90.0
3908,O01624,P020,3,55.0
3909,O01624,P004,2,45.0
3910,O01624,P008,2,75.0
3911,O01625,P013,3,90.0
3912,O01625,P017,2,65.0
3913,O01625,P014,1,60.0
3914,O01625,P004,3,45.0
3915,O01626,P012,1,40.0
3916,O01626,P004,3,45.0
3917,O01626,P010,3,85.0
3918,O01627,P011,3,126.5
3919,O01627,P005,2,138.0
3920,O01628,P003,2,1033.85
3921,O01628,P013,3,103.5
3922,O01628,P005,2,138.0
3923,O01629,P004,2,63.0
3924,O01630,P012,2,40.0
3925,O01630,P017,1,65.0
3926,O01630,P019,2,130.0
3927,O01631,P003,2,899.0
3928,O01631,P011,1,110.0
3929,O01631,P014,1,60.0
3930,O01631,P010,1,85.0
3931,O01632,P012,2,40.0
3932,O01633,P019,3,130.0
3933,O01634,P013,2,90.0
3934,O01634,P004,3,45.0
3935,O01635,P012,2,40.0
3936,O01635,P004,1,45.0
3937,O01636,P013,3,103.5
3938,O01636,P020,3,63.25
3939,O01636,P004,2,51.75
3940,O01636,P002,2,172.5
3941,O01637,P005,2,120.0
3942,O01638,P004,1,45.0
3943,O01638,P010,1,85.0
3944,O01639,P001,3,1200.0
3945,O01640,P012,1,46.0
3946,O01640,P004,1,51.75
3947,O01640,P009,2,63.25
3948,O01640,P013,3,103.5
3949,O01641,P018,1,124.6
3950,O01641,P003,3,1258.6
3951,O01641,P019,2,182.0
3952,O01641,P015,1,49.0
3953,O01642,P011,3,154.0
3954,O01643,P015,3,40.25
3955,O01643,P013,3,103.5
3956,O01643,P008,2,86.25
3957,O01644,P009,1,63.25
3958,O01644,P005,2,138.0
3959,O01644,P006,3,109.25
3960,O01645,P010,1,97.75
3961,O01646,P010,2,119.0
3962,O01646,P001,2,1680.0
3963,O01646,P008,1,105.0
3964,O01647,P018,3,124.6
3965,O01647,P014,3,84.0
3966,O01648,P020,2,55.0
3967,O01649,P019,1,130.0
3968,O01649,P002,3,150.0
3969,O01650,P005,3,138.0
3970,O01651,P018,1,124.6
3971,O01651,P003,1,1258.6
3972,O01651,P010,2,119.0
3973,O01652,P010,2,85.0
3974,O01652,P006,1,95.0
3975,O01653,P017,1,65.0
3976,O01654,P002,1,172.5
3977,O01655,P012,3,40.0
3978,O01655,P016,2,120.0
3979,O01656,P009,1,55.0
3980,O01657,P018,3,89.0
3981,O01657,P003,2,899.0
3982,O01657,P004,2,45.0
3983,O01658,P003,1,1033.85
3984,O01658,P014,1,69.0
3985,O01658,P004,2,51.75
3986,O01658,P005,1,138.0
3987,O01659,P015,2,40.25
3988,O01659,P017,3,74.75
3989,O01659,P010,3,97.75
3990,O01660,P020,3,55.0
3991,O01660,P013,3,90.0
3992,O01660,P008,2,75.0
3993,O01661,P018,1,89.0
3994,O01661,P003,3,899.0
3995,O01661,P001,2,1200.0
3996,O01661,P004,2,45.0
3997,O01662,P001,1,1680.0
3998,O01662,P011,1,154.0
3999,O01662,P009,2,77.0
4000,O01662,P006,3,133.0
4001,O01663,P018,2,102.35
4002,O01663,P017,2,74.75
4003,O01663,P014,1,69.0
4004,O01663,P015,1,40.25
4005,O01664,P015,1,49.0
4006,O01664,P003,1,1258.6
4007,O01664,P004,1,63.0
4008,O01664,P008,3,105.0
4009,O01665,P019,3,149.5
4010,O01665,P008,2,86.25
4011,O01666,P011,1,110.0
4012,O01666,P002,1,150.0
4013,O01666,P007,1,180.0
4014,O01666,P008,3,75.0
4015,O01667,P012,2,46.0
4016,O01667,P014,1,69.0
4017,O01667,P002,2,172.5
4018,O01668,P017,2,74.75
4019,O01668,P013,2,103.5
4020,O01668,P010,1,97.75
4021,O01669,P014,3,69.0
4022,O01670,P020,1,55.0
4023,O01671,P004,3,45.0
4024,O01671,P016,2,120.0
4025,O01672,P003,2,1033.85
4026,O01672,P001,3,1380.0
4027,O01672,P004,1,51.75
4028,O01672,P002,2,172.5
4029,O01673,P020,1,63.25
4030,O01673,P004,1,51.75
4031,O01674,P011,1,110.0
4032,O01674,P019,3,130.0
4033,O01675,P012,3,40.0
4034,O01675,P019,2,130.0
4035,O01676,P018,3,89.0
4036,O01676,P014,3,60.0
4037,O01677,P013,2,90.0
4038,O01677,P020,1,55.0
4039,O01677,P002,1,150.0
4040,O01678,P018,1,89.0
4041,O01678,P004,2,45.0
4042,O01679,P015,3,35.0
4043,O01680,P015,1,49.0
4044,O01680,P002,3,210.0
4045,O01680,P009,2,77.0
4046,O01680,P008,3,105.0
4047,O01681,P019,2,130.0
4048,O01681,P009,1,55.0
4049,O01681,P002,2,150.0
4050,O01682,P008,2,75.0
4051,O01683,P018,2,102.35
4052,O01683,P011,3,126.5
4053,O01683,P005,1,138.0
4054,O01684,P018,1,102.35
4055,O01684,P004,3,51.75
4056,O01684,P013,2,103.5
4057,O01684,P006,3,109.25
4058,O01685,P003,2,899.0
4059,O01686,P003,3,1033.85
4060,O01686,P020,3,63.25
4061,O01686,P004,2,51.75
4062,O01686,P008,3,86.25
4063,O01687,P017,3,65.0
4064,O01687,P011,1,110.0
4065,O01687,P005,3,120.0
4066,O01687,P006,2,95.0
4067,O01688,P010,2,85.0
4068,O01689,P011,1,110.0
4069,O01690,P009,2,55.0
4070,O01691,P012,3,40.0
4071,O01691,P017,2,65.0
4072,O01691,P006,2,95.0
4073,O01691,P008,1,75.0
4074,O01692,P015,1,40.25
4075,O01692,P004,1,51.75
4076,O01692,P010,1,97.75
4077,O01693,P003,2,1258.6
4078,O01694,P015,2,49.0
4079,O01694,P006,3,133.0
4080,O01695,P015,1,40.25
4081,O01695,P010,3,97.75
4082,O01696,P020,1,55.0
4083,O01696,P004,2,45.0
4084,O01696,P010,1,85.0
4085,O01697,P018,2,89.0
4086,O01697,P020,1,55.0
4087,O01697,P016,2,120.0
4088,O01697,P010,3,85.0
4089,O01698,P015,1,35.0
4090,O01698,P020,1,55.0
4091,O01698,P018,1,89.0
4092,O01699,P018,1,124.6
4093,O01699,P002,1,210.0
4094,O01699,P008,3,105.0
4095,O01700,P015,1,35.0
4096,O01700,P020,3,55.0
4097,O01700,P019,2,130.0
4098,O01700,P009,3,55.0
4099,O01701,P003,3,899.0
4100,O01701,P020,3,55.0
4101,O01701,P004,3,45.0
4102,O01701,P016,3,120.0
4103,O01702,P012,3,56.0
4104,O01702,P019,3,182.0
4105,O01702,P020,1,77.0
4106,O01703,P012,2,40.0
4107,O01703,P002,1,150.0
4108,O01703,P016,2,120.0
4109,O01704,P004,3,45.0
4110,O01704,P019,1,130.0
4111,O01704,P013,2,90.0
4112,O01704,P007,2,180.0
4113,O01705,P004,1,51.75
4114,O01705,P001,2,1380.0
4115,O01705,P009,1,63.25
4116,O01706,P011,3,110.0
4117,O01707,P018,2,89.0
4118,O01707,P019,3,130.0
4119,O01707,P016,3,120.0
4120,O01708,P012,3,40.0
4121,O01708,P004,2,45.0
4122,O01709,P001,1,1200.0
4123,O01709,P020,3,55.0
4124,O01709,P014,3,60.0
4125,O01710,P015,2,35.0
4126,O01710,P014,1,60.0
4127,O01711,P015,2,40.25
4128,O01711,P008,2,86.25
4129,O01712,P002,1,172.5
4130,O01713,P020,1,55.0
4131,O01714,P003,2,899.0
4132,O01714,P016,3,120.0
4133,O01715,P017,2,74.75
4134,O01715,P014,1,69.0
4135,O01715,P002,2,172.5
4136,O01715,P006,1,109.25
4137,O01716,P004,2,63.0
4138,O01717,P008,2,86.25
4139,O01718,P017,2,65.0
4140,O01719,P014,3,69.0
4141,O01719,P004,3,51.75
4142,O01720,P018,2,89.0
4143,O01720,P019,3,130.0
4144,O01721,P012,2,46.0
4145,O01721,P001,3,1380.0
4146,O01721,P014,2,69.0
4147,O01721,P004,2,51.75
4148,O01722,P018,3,124.6
4149,O01722,P002,3,210.0
4150,O01723,P013,2,90.0
4151,O01724,P017,2,65.0
4152,O01724,P007,1,180.0
4153,O01725,P020,3,55.0
4154,O01726,P017,2,91.0
4155,O01726,P020,1,77.0
4156,O01726,P006,3,133.0
4157,O01727,P011,3,110.0
4158,O01728,P018,3,89.0
4159,O01729,P008,1,105.0
4160,O01730,P013,1,90.0
4161,O01730,P002,2,150.0
4162,O01731,P017,3,74.75
4163,O01732,P019,1,182.0
4164,O01733,P015,1,40.25
4165,O01733,P003,3,1033.85
4166,O01733,P002,1,172.5
4167,O01733,P008,1,86.25
4168,O01734,P010,2,97.75
4169,O01735,P005,3,168.0
4170,O01736,P019,3,130.0
4171,O01736,P004,1,45.0
4172,O01737,P001,3,1380.0
4173,O01737,P020,2,63.25
4174,O01738,P011,2,110.0
4175,O01738,P005,1,120.0
4176,O01739,P003,3,1033.85
4177,O01739,P020,2,63.25
4178,O01739,P009,2,63.25
4179,O01740,P011,2,154.0
4180,O01740,P014,3,84.0
4181,O01740,P020,1,77.0
4182,O01741,P015,1,35.0
4183,O01741,P004,3,45.0
4184,O01742,P015,1,40.25
4185,O01743,P012,3,46.0
4186,O01743,P020,1,63.25
4187,O01743,P014,3,69.0
4188,O01744,P015,1,40.25
4189,O01744,P003,2,1033.85
4190,O01744,P004,2,51.75
4191,O01745,P015,3,35.0
4192,O01745,P014,1,60.0
4193,O01745,P004,1,45.0
4194,O01745,P010,2,85.0
4195,O01746,P009,1,55.0
4196,O01747,P015,3,35.0
4197,O01748,P018,1,89.0
4198,O01748,P009,2,55.0
4199,O01749,P001,3,1200.0
4200,O01749,P009,1,55.0
4201,O01750,P010,2,85.0
4202,O01750,P015,2,35.0
4203,O01750,P014,2,60.0
4204,O01750,P008,2,75.0
4205,O01751,P012,1,40.0
4206,O01751,P020,2,55.0
4207,O01751,P019,3,130.0
4208,O01751,P004,2,45.0
4209,O01752,P015,2,35.0
4210,O01752,P014,3,60.0
4211,O01752,P005,2,120.0
4212,O01753,P012,1,56.0
4213,O01754,P020,1,55.0
4214,O01754,P014,1,60.0
4215,O01755,P009,2,77.0
4216,O01755,P016,1,168.0
4217,O01756,P014,3,60.0
4218,O01757,P004,1,63.0
4219,O01757,P002,2,210.0
4220,O01757,P010,1,119.0
4221,O01758,P008,1,75.0
4222,O01758,P005,2,120.0
4223,O01758,P010,3,85.0
4224,O01759,P003,1,1258.6
4225,O01760,P003,3,1033.85
4226,O01761,P004,2,45.0
4227,O01762,P013,2,103.5
4228,O01762,P002,3,172.5
4229,O01763,P015,3,35.0
4230,O01763,P002,1,150.0
4231,O01764,P017,1,91.0
4232,O01764,P009,3,77.0
4233,O01764,P004,3,63.0
4234,O01764,P008,1,105.0
4235,O01765,P015,2,35.0
4236,O01765,P001,3,1200.0
4237,O01765,P019,3,130.0
4238,O01766,P015,3,40.25
4239,O01767,P014,1,69.0
4240,O01768,P002,1,210.0
4241,O01768,P005,1,168.0
4242,O01769,P003,3,1258.6
4243,O01769,P010,2,119.0
4244,O01770,P018,3,89.0
4245,O01770,P014,2,60.0
4246,O01770,P006,1,95.0
4247,O01771,P016,1,120.0
4248,O01772,P009,3,55.0
4249,O01773,P015,3,40.25
4250,O01773,P018,3,102.35
4251,O01774,P019,3,149.5
4252,O01774,P004,3,51.75
4253,O01774,P020,3,63.25
4254,O01775,P013,2,90.0
4255,O01775,P017,3,65.0
4256,O01775,P009,1,55.0
4257,O01775,P006,3,95.0
4258,O01776,P009,3,55.0
4259,O01776,P008,2,75.0
4260,O01777,P017,1,65.0
4261,O01778,P015,1,35.0
4262,O01778,P012,3,40.0
4263,O01779,P012,3,46.0
4264,O01779,P015,1,40.25
4265,O01779,P019,3,149.5
4266,O01779,P003,1,1033.85
4267,O01780,P012,3,56.0
4268,O01780,P019,3,182.0
4269,O01781,P009,1,63.25
4270,O01782,P015,1,40.25
4271,O01782,P002,3,172.5
4272,O01783,P009,3,77.0
4273,O01784,P015,2,49.0
4274,O01785,P015,2,35.0
4275,O01785,P020,1,55.0
4276,O01786,P016,3,120.0
4277,O01787,P002,1,150.0
4278,O01788,P002,1,150.0
4279,O01789,P010,3,85.0
4280,O01790,P015,2,35.0
4281,O01790,P017,2,65.0
4282,O01790,P011,1,110.0
4283,O01790,P006,1,95.0
4284,O01791,P012,2,46.0
4285,O01791,P013,2,103.5
4286,O01792,P004,2,63.0
4287,O01793,P007,2,180.0
4288,O01794,P018,1,102.35
4289,O01794,P014,2,69.0
4290,O01794,P008,3,86.25
4291,O01795,P012,1,46.0
4292,O01795,P009,2,63.25
4293,O01796,P012,1,46.0
4294,O01796,P020,2,63.25
4295,O01796,P008,2,86.25
4296,O01797,P008,1,75.0
4297,O01797,P013,3,90.0
4298,O01797,P010,3,85.0
4299,O01798,P003,1,899.0
4300,O01798,P002,1,150.0
4301,O01799,P018,3,89.0
4302,O01799,P003,3,899.0
4303,O01799,P012,1,40.0
4304,O01800,P012,2,56.0
4305,O01800,P020,2,77.0
4306,O01800,P014,1,84.0
4307,O01801,P009,3,55.0
4308,O01801,P016,3,120.0
4309,O01802,P015,3,35.0
4310,O01802,P004,3,45.0
4311,O01802,P005,2,120.0
4312,O01802,P002,3,150.0
4313,O01803,P004,2,51.75
4314,O01803,P009,3,63.25
4315,O01803,P005,1,138.0
4316,O01804,P002,1,150.0
4317,O01804,P004,2,45.0
4318,O01804,P016,2,120.0
4319,O01804,P007,3,180.0
4320,O01805,P012,3,40.0
4321,O01805,P004,1,45.0
4322,O01806,P006,3,109.25
4323,O01806,P009,3,63.25
4324,O01806,P008,3,86.25
4325,O01807,P015,3,40.25
4326,O01807,P008,3,86.25
4327,O01808,P018,3,89.0
4328,O01808,P006,1,95.0
4329,O01809,P015,2,35.0
4330,O01810,P015,1,49.0
4331,O01810,P018,1,124.6
4332,O01810,P002,1,210.0
4333,O01811,P018,1,102.35
4334,O01811,P003,1,1033.85
4335,O01811,P015,1,40.25
4336,O01812,P012,3,46.0
4337,O01812,P015,1,40.25
4338,O01812,P017,1,74.75
4339,O01813,P009,3,55.0
4340,O01813,P007,2,180.0
4341,O01813,P016,3,120.0
4342,O01813,P010,3,85.0
4343,O01814,P001,1,1200.0
4344,O01815,P020,1,63.25
4345,O01816,P008,2,86.25
4346,O01817,P018,1,102.35
4347,O01817,P012,1,46.0
4348,O01818,P015,2,49.0
4349,O01818,P005,3,168.0
4350,O01818,P010,1,119.0
4351,O01819,P018,3,124.6
4352,O01820,P017,2,65.0
4353,O01820,P002,3,150.0
4354,O01820,P003,1,899.0
4355,O01820,P008,1,75.0
4356,O01821,P003,3,899.0
4357,O01821,P004,2,45.0
4358,O01821,P006,2,95.0
4359,O01822,P009,1,55.0
4360,O01822,P016,3,120.0
4361,O01823,P011,1,126.5
4362,O01823,P013,1,103.5
4363,O01824,P001,2,1200.0
4364,O01824,P020,1,55.0
4365,O01824,P002,2,150.0
4366,O01824,P008,2,75.0
4367,O01825,P015,3,40.25
4368,O01825,P020,1,63.25
4369,O01825,P002,2,172.5
4370,O01825,P012,1,46.0
4371,O01826,P018,1,102.35
4372,O01826,P002,2,172.5
4373,O01827,P018,1,89.0
4374,O01827,P001,3,1200.0
4375,O01827,P002,2,150.0
4376,O01828,P020,1,55.0
4377,O01828,P004,2,45.0
4378,O01829,P012,2,46.0
4379,O01829,P009,3,63.25
4380,O01829,P002,1,172.5
4381,O01830,P018,2,102.35
4382,O01830,P020,3,63.25
4383,O01831,P005,3,168.0
4384,O01832,P011,3,110.0
4385,O01832,P014,3,60.0
4386,O01833,P004,3,45.0
4387,O01833,P009,2,55.0
4388,O01834,P015,3,35.0
4389,O01834,P017,3,65.0
4390,O01834,P001,3,1200.0
4391,O01834,P011,1,110.0
4392,O01835,P012,2,40.0
4393,O01835,P016,3,120.0
4394,O01835,P008,3,75.0
4395,O01836,P012,3,46.0
4396,O01836,P003,2,1033.85
4397,O01836,P002,3,172.5
4398,O01836,P016,3,138.0
4399,O01837,P003,1,1033.85
4400,O01837,P008,3,86.25
4401,O01838,P020,1,55.0
4402,O01838,P019,1,130.0
4403,O01839,P009,3,55.0
4404,O01839,P016,3,120.0
4405,O01840,P012,3,40.0
4406,O01840,P001,1,1200.0
4407,O01840,P014,2,60.0
4408,O01840,P004,2,45.0
4409,O01841,P012,1,46.0
4410,O01841,P020,3,63.25
4411,O01841,P004,3,51.75
4412,O01842,P014,1,60.0
4413,O01842,P013,3,90.0
4414,O01842,P008,1,75.0
4415,O01843,P003,1,1258.6
4416,O01843,P020,3,77.0
4417,O01843,P019,3,182.0
4418,O01844,P012,1,40.0
4419,O01844,P003,3,899.0
4420,O01844,P014,2,60.0
4421,O01845,P019,3,182.0
4422,O01845,P014,2,84.0
4423,O01845,P004,2,63.0
4424,O01845,P008,1,105.0
4425,O01846,P012,2,46.0
4426,O01846,P015,1,40.25
4427,O01846,P020,2,63.25
4428,O01847,P001,1,1680.0
4429,O01847,P014,2,84.0
4430,O01848,P001,3,1380.0
4431,O01849,P017,2,74.75
4432,O01849,P011,1,126.5
4433,O01849,P014,1,69.0
4434,O01849,P002,1,172.5
4435,O01850,P013,2,103.5
4436,O01851,P014,3,60.0
4437,O01851,P002,2,150.0
4438,O01851,P008,2,75.0
4439,O01852,P002,2,150.0
4440,O01852,P009,1,55.0
4441,O01852,P013,3,90.0
4442,O01852,P010,2,85.0
4443,O01853,P013,3,103.5
4444,O01853,P008,1,86.25
4445,O01854,P012,3,56.0
4446,O01854,P019,1,182.0
4447,O01854,P020,2,77.0
4448,O01855,P015,1,35.0
4449,O01855,P020,1,55.0
4450,O01855,P005,2,120.0
4451,O01856,P020,2,55.0
4452,O01857,P019,2,149.5
4453,O01857,P004,1,51.75
4454,O01858,P010,1,85.0
4455,O01859,P013,1,126.0
4456,O01860,P019,3,130.0
4457,O01861,P020,3,55.0
4458,O01861,P002,2,150.0
4459,O01861,P005,1,120.0
4460,O01862,P017,2,74.75
4461,O01862,P009,1,63.25
4462,O01862,P002,1,172.5
4463,O01862,P006,2,109.25
4464,O01863,P018,1,102.35
4465,O01863,P012,2,46.0
4466,O01863,P009,3,63.25
4467,O01864,P019,1,130.0
4468,O01864,P002,3,150.0
4469,O01865,P018,1,124.6
4470,O01865,P003,2,1258.6
4471,O01865,P019,3,182.0
4472,O01865,P013,2,126.0
4473,O01866,P015,3,49.0
4474,O01866,P011,2,154.0
4475,O01867,P018,1,89.0
4476,O01867,P017,3,65.0
4477,O01867,P004,1,45.0
4478,O01867,P005,3,120.0
4479,O01868,P015,1,35.0
4480,O01868,P001,2,1200.0
4481,O01868,P020,3,55.0
4482,O01868,P004,3,45.0
4483,O01869,P011,1,110.0
4484,O01869,P003,2,899.0
4485,O01869,P019,2,130.0
4486,O01869,P009,1,55.0
4487,O01870,P018,1,102.35
4488,O01870,P001,2,1380.0
4489,O01871,P018,1,102.35
4490,O01871,P002,1,172.5
4491,O01872,P015,3,40.25
4492,O01872,P009,2,63.25
4493,O01872,P002,1,172.5
4494,O01873,P015,1,49.0
4495,O01873,P003,3,1258.6
4496,O01873,P020,3,77.0
4497,O01873,P009,1,77.0
4498,O01874,P012,3,40.0
4499,O01874,P020,3,55.0
4500,O01874,P016,2,120.0
4501,O01875,P001,2,1200.0
4502,O01875,P019,1,130.0
4503,O01876,P012,3,40.0
4504,O01876,P014,3,60.0
4505,O01877,P014,3,69.0
4506,O01877,P013,3,103.5
4507,O01877,P006,3,109.25
4508,O01878,P014,2,69.0
4509,O01879,P008,1,75.0
4510,O01880,P012,1,40.0
4511,O01880,P011,1,110.0
4512,O01880,P020,3,55.0
4513,O01880,P010,2,85.0
4514,O01881,P020,2,63.25
4515,O01881,P014,2,69.0
4516,O01881,P002,3,172.5
4517,O01881,P016,3,138.0
4518,O01882,P012,2,56.0
4519,O01882,P018,3,124.6
4520,O01882,P010,1,119.0
4521,O01883,P001,3,1380.0
4522,O01883,P020,1,63.25
4523,O01883,P014,2,69.0
4524,O01883,P007,3,207.0
4525,O01884,P015,1,40.25
4526,O01884,P008,3,86.25
4527,O01885,P012,3,40.0
4528,O01885,P003,1,899.0
4529,O01885,P001,3,1200.0
4530,O01885,P006,2,95.0
4531,O01886,P019,3,130.0
4532,O01886,P009,2,55.0
4533,O01886,P005,1,120.0
4534,O01887,P018,1,89.0
4535,O01887,P017,3,65.0
4536,O01887,P004,3,45.0
4537,O01888,P015,2,49.0
4538,O01888,P009,1,77.0
4539,O01888,P005,3,168.0
4540,O01889,P020,1,55.0
4541,O01889,P009,2,55.0
4542,O01889,P004,3,45.0
4543,O01890,P013,3,90.0
4544,O01890,P008,2,75.0
4545,O01891,P012,1,40.0
4546,O01891,P020,3,55.0
4547,O01892,P005,2,120.0
4548,O01892,P001,3,1200.0
4549,O01892,P016,3,120.0
4550,O01892,P006,1,95.0
4551,O01893,P019,1,130.0
4552,O01894,P018,1,89.0
4553,O01894,P004,2,45.0
4554,O01894,P008,1,75.0
4555,O01895,P004,2,45.0
4556,O01895,P007,1,180.0
4557,O01896,P004,3,51.75
4558,O01897,P018,2,102.35
4559,O01897,P011,2,126.5
4560,O01897,P005,2,138.0
4561,O01897,P012,1,46.0
4562,O01898,P018,1,124.6
4563,O01898,P003,2,1258.6
4564,O01898,P020,1,77.0
4565,O01899,P015,3,35.0
4566,O01900,P012,3,40.0
4567,O01900,P005,2,120.0
4568,O01901,P019,3,130.0
4569,O01901,P020,2,55.0
4570,O01902,P020,3,55.0
4571,O01903,P017,1,65.0
4572,O01903,P006,1,95.0
4573,O01903,P010,2,85.0
4574,O01904,P015,3,35.0
4575,O01904,P017,2,65.0
4576,O01904,P007,1,180.0
4577,O01905,P013,1,126.0
4578,O01905,P006,1,133.0
4579,O01906,P001,1,1380.0
4580,O01906,P019,1,149.5
4581,O01907,P014,1,69.0
4582,O01907,P004,1,51.75
4583,O01907,P008,1,86.25
4584,O01908,P017,2,65.0
4585,O01909,P001,1,1680.0
4586,O01909,P008,3,105.0
4587,O01910,P018,2,124.6
4588,O01910,P012,2,56.0
4589,O01910,P006,3,133.0
4590,O01911,P015,2,49.0
4591,O01911,P003,2,1258.6
4592,O01911,P020,3,77.0
4593,O01912,P012,3,46.0
4594,O01912,P008,3,86.25
4595,O01913,P020,1,55.0
4596,O01913,P002,1,150.0
4597,O01913,P006,3,95.0
4598,O01914,P015,1,35.0
4599,O01915,P011,1,110.0
4600,O01915,P009,3,55.0
4601,O01916,P012,3,40.0
4602,O01916,P009,1,55.0
4603,O01916,P016,3,120.0
4604,O01916,P008,2,75.0
4605,O01917,P011,2,110.0
4606,O01917,P019,2,130.0
4607,O01918,P018,1,89.0
4608,O01918,P011,2,110.0
4609,O01918,P009,1,55.0
4610,O01919,P012,3,40.0
4611,O01920,P012,3,56.0
4612,O01920,P015,1,49.0
4613,O01920,P019,3,182.0
4614,O01920,P009,2,77.0
4615,O01921,P004,3,45.0
4616,O01921,P010,3,85.0
4617,O01922,P020,2,55.0
4618,O01922,P019,1,130.0
4619,O01923,P012,3,40.0
4620,O01924,P018,3,89.0
4621,O01924,P015,3,35.0
4622,O01924,P017,1,65.0
4623,O01924,P020,3,55.0
4624,O01925,P012,1,40.0
4625,O01925,P003,2,899.0
4626,O01926,P012,2,46.0
4627,O01926,P009,3,63.25
4628,O01926,P007,3,207.0
4629,O01927,P017,3,74.75
4630,O01927,P020,2,63.25
4631,O01927,P004,2,51.75
4632,O01927,P006,2,109.25
4633,O01928,P018,3,89.0
4634,O01928,P001,1,1200.0
4635,O01928,P013,2,90.0
4636,O01929,P002,3,150.0
4637,O01929,P005,2,120.0
4638,O01930,P012,3,40.0
4639,O01931,P003,1,1033.85
4640,O01931,P017,1,74.75
4641,O01932,P015,1,35.0
4642,O01932,P004,1,45.0
4643,O01932,P002,2,150.0
4644,O01933,P015,2,35.0
4645,O01933,P004,3,45.0
4646,O01933,P008,3,75.0
4647,O01934,P012,1,40.0
4648,O01934,P005,1,120.0
4649,O01935,P006,2,109.25
4650,O01936,P018,1,124.6
4651,O01936,P017,2,91.0
4652,O01936,P012,1,56.0
4653,O01936,P014,2,84.0
4654,O01937,P016,3,138.0
4655,O01938,P017,1,65.0
4656,O01938,P002,3,150.0
4657,O01939,P015,1,35.0
4658,O01939,P013,1,90.0
4659,O01939,P011,2,110.0
4660,O01939,P002,1,150.0
4661,O01940,P003,3,1033.85
4662,O01940,P004,3,51.75
4663,O01941,P013,3,90.0
4664,O01941,P014,3,60.0
4665,O01941,P002,1,150.0
4666,O01941,P010,1,85.0
4667,O01942,P004,3,63.0
4668,O01942,P003,1,1258.6
4669,O01942,P009,2,77.0
4670,O01943,P019,1,182.0
4671,O01943,P014,1,84.0
4672,O01943,P016,3,168.0
4673,O01944,P006,1,95.0
4674,O01945,P012,3,56.0
4675,O01945,P010,2,119.0
4676,O01945,P014,3,84.0
4677,O01945,P008,1,105.0
4678,O01946,P012,3,40.0
4679,O01946,P001,1,1200.0
4680,O01946,P009,2,55.0
4681,O01947,P003,1,1033.85
4682,O01947,P020,1,63.25
4683,O01947,P006,3,109.25
4684,O01948,P017,1,91.0
4685,O01949,P015,1,35.0
4686,O01949,P003,1,899.0
4687,O01949,P011,1,110.0
4688,O01950,P019,1,130.0
4689,O01951,P020,2,55.0
4690,O01951,P019,1,130.0
4691,O01952,P012,2,46.0
4692,O01952,P011,1,126.5
4693,O01953,P010,3,97.75
4694,O01954,P013,2,126.0
4695,O01954,P009,3,77.0
4696,O01954,P003,3,1258.6
4697,O01955,P004,3,63.0
4698,O01955,P020,3,77.0
4699,O01955,P007,3,252.0
4700,O01956,P015,1,35.0
4701,O01956,P018,1,89.0
4702,O01957,P001,2,1200.0
4703,O01958,P012,2,40.0
4704,O01958,P009,3,55.0
4705,O01958,P016,1,120.0
4706,O01958,P010,2,85.0
4707,O01959,P004,1,45.0
4708,O01959,P009,2,55.0
4709,O01959,P008,2,75.0
4710,O01960,P018,2,102.35
4711,O01960,P005,1,138.0
4712,O01961,P012,1,46.0
4713,O01962,P017,3,65.0
4714,O01963,P004,3,45.0
4715,O01963,P002,1,150.0
4716,O01963,P016,3,120.0
4717,O01964,P017,3,65.0
4718,O01965,P015,1,35.0
4719,O01965,P004,2,45.0
4720,O01965,P010,2,85.0
4721,O01966,P015,2,49.0
4722,O01966,P002,1,210.0
4723,O01967,P015,1,35.0
4724,O01967,P017,1,65.0
4725,O01967,P004,3,45.0
4726,O01967,P006,2,95.0
4727,O01968,P012,2,40.0
4728,O01968,P008,3,75.0
4729,O01969,P008,3,75.0
4730,O01970,P017,2,65.0
4731,O01970,P020,2,55.0
4732,O01970,P019,2,130.0
4733,O01970,P004,1,45.0
4734,O01971,P012,3,46.0
4735,O01971,P018,2,102.35
4736,O01971,P013,1,103.5
4737,O01972,P003,3,899.0
4738,O01972,P001,2,1200.0
4739,O01972,P014,3,60.0
4740,O01972,P005,1,120.0
4741,O01973,P017,3,65.0
4742,O01974,P007,3,180.0
4743,O01975,P013,3,90.0
4744,O01975,P002,1,150.0
4745,O01975,P016,3,120.0
4746,O01976,P013,3,90.0
4747,O01976,P019,1,130.0
4748,O01976,P009,3,55.0
4749,O01976,P020,1,55.0
4750,O01977,P015,3,49.0
4751,O01977,P017,3,91.0
4752,O01977,P009,2,77.0
4753,O01977,P013,1,126.0
4754,O01978,P011,2,154.0
4755,O01978,P003,2,1258.6
4756,O01978,P020,3,77.0
4757,O01979,P004,2,45.0
4758,O01979,P005,2,120.0
4759,O01980,P015,3,35.0
4760,O01980,P020,3,55.0
4761,O01981,P019,2,130.0
4762,O01981,P013,1,90.0
4763,O01981,P020,1,55.0
4764,O01982,P018,3,102.35
4765,O01983,P004,1,45.0
4766,O01984,P014,3,60.0
4767,O01985,P018,3,89.0
4768,O01986,P015,3,40.25
4769,O01986,P008,3,86.25
4770,O01987,P019,1,130.0
4771,O01987,P002,3,150.0
4772,O01987,P010,3,85.0
4773,O01988,P020,2,63.25
4774,O01989,P012,2,56.0
4775,O01989,P003,3,1258.6
4776,O01989,P004,3,63.0
4777,O01990,P012,1,40.0
4778,O01991,P012,3,46.0
4779,O01991,P009,1,63.25
4780,O01991,P007,1,207.0
4781,O01992,P015,2,35.0
4782,O01992,P017,3,65.0
4783,O01992,P013,3,90.0
4784,O01993,P015,2,35.0
4785,O01993,P020,3,55.0
4786,O01993,P014,3,60.0
4787,O01993,P009,1,55.0
4788,O01994,P013,1,90.0
4789,O01995,P012,1,56.0
4790,O01995,P019,2,182.0
4791,O01995,P002,2,210.0
4792,O01996,P019,3,130.0
4793,O01996,P014,3,60.0
4794,O01996,P004,3,45.0
4795,O01996,P006,1,95.0
4796,O01997,P010,3,85.0
4797,O01997,P017,3,65.0
4798,O01997,P016,3,120.0
4799,O01997,P008,2,75.0
4800,O01998,P018,3,89.0
4801,O01998,P019,3,130.0
4802,O01998,P014,2,60.0
4803,O01999,P013,1,126.0
4804,O01999,P009,2,77.0
4805,O01999,P005,2,168.0
4806,O02000,P009,1,55.0
4807,O02001,P018,3,102.35
4808,O02001,P009,3,63.25
4809,O02002,P011,3,110.0
4810,O02003,P012,3,46.0
4811,O02003,P011,1,126.5
4812,O02004,P018,1,102.35
4813,O02004,P001,2,1380.0
4814,O02004,P013,1,103.5
4815,O02004,P002,1,172.5
4816,O02005,P016,3,120.0
4817,O02005,P008,3,75.0
4818,O02006,P015,1,35.0
4819,O02006,P003,2,899.0
4820,O02007,P019,2,130.0
4821,O02008,P009,3,63.25
4822,O02009,P013,2,90.0
4823,O02009,P005,2,120.0
4824,O02010,P015,3,49.0
4825,O02010,P006,2,133.0
4826,O02011,P015,3,35.0
4827,O02011,P013,3,90.0
4828,O02012,P018,2,89.0
4829,O02013,P018,1,89.0
4830,O02013,P003,2,899.0
4831,O02013,P009,3,55.0
4832,O02014,P012,3,40.0
4833,O02014,P020,3,55.0
4834,O02014,P014,1,60.0
4835,O02014,P013,3,90.0
4836,O02015,P015,3,35.0
4837,O02015,P018,2,89.0
4838,O02015,P007,2,180.0
4839,O02016,P003,1,1033.85
4840,O02017,P015,2,35.0
4841,O02017,P002,2,150.0
4842,O02018,P003,2,1258.6
4843,O02018,P019,3,182.0
4844,O02018,P002,3,210.0
4845,O02018,P010,1,119.0
4846,O02019,P015,1,35.0
4847,O02019,P009,1,55.0
4848,O02020,P013,1,90.0
4849,O02020,P009,1,55.0
4850,O02020,P007,1,180.0
4851,O02021,P008,2,86.25
4852,O02021,P004,3,51.75
4853,O02021,P006,2,109.25
4854,O02022,P010,1,119.0
4855,O02022,P009,1,77.0
4856,O02022,P007,2,252.0
4857,O02023,P012,2,40.0
4858,O02024,P011,3,110.0
4859,O02024,P004,1,45.0
4860,O02025,P016,2,138.0
4861,O02025,P005,2,138.0
4862,O02026,P009,3,55.0
4863,O02026,P002,2,150.0
4864,O02026,P008,1,75.0
4865,O02027,P015,3,40.25
4866,O02028,P011,1,110.0
4867,O02028,P020,2,55.0
4868,O02028,P014,3,60.0
4869,O02028,P007,1,180.0
4870,O02029,P003,1,1033.85
4871,O02030,P002,3,172.5
4872,O02031,P012,1,46.0
4873,O02031,P001,2,1380.0
4874,O02031,P020,3,63.25
4875,O02031,P019,3,149.5
4876,O02032,P015,1,35.0
4877,O02032,P003,3,899.0
4878,O02032,P020,3,55.0
4879,O02032,P018,2,89.0
4880,O02033,P020,2,55.0
4881,O02033,P009,1,55.0
4882,O02034,P012,1,56.0
4883,O02034,P002,3,210.0
4884,O02035,P018,3,102.35
4885,O02035,P008,1,86.25
4886,O02035,P012,2,46.0
4887,O02035,P010,2,97.75
4888,O02036,P003,3,899.0
4889,O02036,P007,3,180.0
4890,O02037,P010,3,97.75
4891,O02037,P014,1,69.0
4892,O02037,P006,1,109.25
4893,O02038,P003,1,1033.85
4894,O02039,P012,2,40.0
4895,O02039,P015,3,35.0
4896,O02039,P016,3,120.0
4897,O02039,P006,3,95.0
4898,O02040,P005,2,120.0
4899,O02040,P016,3,120.0
4900,O02040,P010,3,85.0
4901,O02041,P018,3,102.35
4902,O02041,P012,1,46.0
4903,O02041,P004,1,51.75
4904,O02042,P015,1,35.0
4905,O02042,P014,3,60.0
4906,O02042,P002,2,150.0
4907,O02043,P009,1,77.0
4908,O02044,P019,2,130.0
4909,O02044,P005,1,120.0
4910,O02045,P018,2,89.0
4911,O02045,P006,1,95.0
4912,O02045,P019,2,130.0
4913,O02045,P010,2,85.0
4914,O02046,P018,1,102.35
4915,O02046,P009,3,63.25
4916,O02046,P005,2,138.0
4917,O02047,P004,1,51.75
4918,O02047,P015,3,40.25
4919,O02047,P012,3,46.0
4920,O02047,P013,3,103.5
4921,O02048,P003,3,1258.6
4922,O02048,P014,2,84.0
4923,O02049,P012,3,40.0
4924,O02049,P020,3,55.0
4925,O02049,P018,1,89.0
4926,O02049,P016,2,120.0
4927,O02050,P012,2,46.0
4928,O02050,P003,3,1033.85
4929,O02050,P011,1,126.5
4930,O02050,P006,2,109.25
4931,O02051,P001,3,1200.0
4932,O02051,P002,3,150.0
4933,O02052,P018,3,124.6
4934,O02052,P019,1,182.0
4935,O02053,P012,1,40.0
4936,O02053,P003,3,899.0
4937,O02053,P004,3,45.0
4938,O02053,P005,3,120.0
4939,O02054,P003,1,899.0
4940,O02054,P017,1,65.0
4941,O02055,P001,3,1380.0
4942,O02055,P019,3,149.5
4943,O02056,P011,3,126.5
4944,O02056,P003,3,1033.85
4945,O02056,P019,3,149.5
4946,O02056,P009,3,63.25
4947,O02057,P012,2,46.0
4948,O02057,P003,1,1033.85
4949,O02057,P017,2,74.75
4950,O02057,P004,1,51.75
4951,O02058,P019,1,149.5
4952,O02058,P014,3,69.0
4953,O02059,P017,2,74.75
4954,O02060,P004,3,51.75
4955,O02060,P007,2,207.0
4956,O02061,P001,3,1380.0
4957,O02062,P018,2,102.35
4958,O02062,P004,2,51.75
4959,O02062,P009,3,63.25
4960,O02062,P008,3,86.25
4961,O02063,P018,2,124.6
4962,O02063,P019,3,182.0
4963,O02063,P002,2,210.0
4964,O02063,P008,2,105.0
4965,O02064,P001,2,1200.0
4966,O02064,P007,3,180.0
4967,O02064,P010,3,85.0
4968,O02065,P012,1,40.0
4969,O02065,P013,2,90.0
4970,O02065,P002,2,150.0
4971,O02065,P008,3,75.0
4972,O02066,P012,3,56.0
4973,O02066,P015,3,49.0
4974,O02066,P008,2,105.0
4975,O02067,P012,3,40.0
4976,O02067,P017,3,65.0
4977,O02067,P013,3,90.0
4978,O02068,P010,3,85.0
4979,O02069,P008,2,75.0
4980,O02070,P002,2,210.0
4981,O02070,P004,1,63.0
4982,O02070,P010,3,119.0
4983,O02071,P003,1,1258.6
4984,O02071,P020,2,77.0
4985,O02072,P009,1,55.0
4986,O02072,P006,3,95.0
4987,O02073,P019,2,130.0
4988,O02073,P020,2,55.0
4989,O02073,P016,3,120.0
4990,O02074,P015,2,35.0
4991,O02074,P011,3,110.0
4992,O02074,P002,1,150.0
4993,O02074,P006,1,95.0
4994,O02075,P003,2,899.0
4995,O02075,P020,2,55.0
4996,O02075,P004,3,45.0
4997,O02075,P010,3,85.0
4998,O02076,P015,3,35.0
4999,O02076,P020,3,55.0
5000,O02076,P018,2,89.0
5001,O02076,P002,2,150.0
5002,O02077,P017,2,65.0
5003,O02078,P018,3,102.35
5004,O02078,P011,1,126.5
5005,O02078,P007,1,207.0
5006,O02079,P020,1,55.0
5007,O02080,P015,1,35.0
5008,O02080,P006,2,95.0
5009,O02080,P004,1,45.0
5010,O02080,P008,1,75.0
5011,O02081,P015,2,35.0
5012,O02081,P003,1,899.0
5013,O02081,P005,2,120.0
5014,O02082,P017,3,65.0
5015,O02082,P001,3,1200.0
5016,O02082,P002,3,150.0
5017,O02083,P003,2,899.0
5018,O02084,P018,1,102.35
5019,O02085,P018,3,102.35
5020,O02085,P004,2,51.75
5021,O02085,P002,1,172.5
5022,O02086,P017,1,74.75
5023,O02087,P001,1,1200.0
5024,O02088,P015,3,49.0
5025,O02088,P001,3,1680.0
5026,O02088,P011,1,154.0
5027,O02089,P012,3,40.0
5028,O02089,P007,1,180.0
5029,O02089,P006,3,95.0
5030,O02090,P012,2,40.0
5031,O02090,P018,1,89.0
5032,O02090,P004,3,45.0
5033,O02090,P009,2,55.0
5034,O02091,P015,3,40.25
5035,O02091,P020,3,63.25
5036,O02091,P009,1,63.25
5037,O02091,P016,2,138.0
5038,O02092,P017,3,74.75
5039,O02092,P019,1,149.5
5040,O02092,P002,1,172.5
5041,O02093,P012,3,46.0
5042,O02093,P002,2,172.5
5043,O02093,P008,1,86.25
5044,O02094,P010,2,85.0
5045,O02095,P012,1,40.0
5046,O02095,P018,2,89.0
5047,O02095,P010,1,85.0
5048,O02096,P004,2,63.0
5049,O02096,P015,2,49.0
5050,O02096,P013,3,126.0
5051,O02096,P010,3,119.0
5052,O02097,P004,3,51.75
5053,O02097,P020,2,63.25
5054,O02097,P007,2,207.0
5055,O02098,P008,1,75.0
5056,O02099,P009,1,63.25
5057,O02099,P013,3,103.5
5058,O02099,P008,1,86.25
5059,O02100,P012,2,46.0
5060,O02101,P015,1,35.0
5061,O02101,P014,1,60.0
5062,O02101,P013,1,90.0
5063,O02102,P007,2,180.0
5064,O02102,P006,3,95.0
5065,O02103,P015,1,35.0
5066,O02104,P009,3,55.0
5067,O02105,P019,2,182.0
5068,O02105,P007,3,252.0
5069,O02106,P007,3,180.0
5070,O02106,P010,2,85.0
5071,O02107,P002,1,172.5
5072,O02108,P018,2,102.35
5073,O02108,P002,3,172.5
5074,O02109,P012,2,40.0
5075,O02109,P010,3,85.0
5076,O02110,P019,1,130.0
5077,O02110,P014,1,60.0
5078,O02111,P015,3,35.0
5079,O02111,P004,1,45.0
5080,O02111,P006,1,95.0
5081,O02112,P001,2,1380.0
5082,O02113,P012,1,40.0
5083,O02113,P014,1,60.0
5084,O02113,P002,3,150.0
5085,O02114,P005,3,138.0
5086,O02114,P016,2,138.0
5087,O02114,P008,1,86.25
5088,O02115,P012,2,46.0
5089,O02115,P014,3,69.0
5090,O02115,P009,1,63.25
5091,O02116,P015,1,40.25
5092,O02116,P011,2,126.5
5093,O02116,P002,3,172.5
5094,O02117,P015,1,40.25
5095,O02117,P020,1,63.25
5096,O02117,P007,1,207.0
5097,O02118,P004,1,51.75
5098,O02118,P008,1,86.25
5099,O02119,P020,1,55.0
5100,O02119,P007,2,180.0
5101,O02120,P012,1,40.0
5102,O02120,P003,3,899.0
5103,O02120,P004,1,45.0
